,Lo 10,2-Dec,3-Dec,4-Dec,5-Dec,6-Dec,7-Dec,8-Dec,9-Dec,Hi 10,Mkt-RF,SMB,HML,RF
196307,-2.34,-0.69,-0.12,-0.1,1.04,0.25,0.25,0.3,0.49,0.73,-0.39,-0.45,-0.97,0.27
196308,5.4,6.9,5.34,5.36,5.64,5.3,4.54,4.51,6.05,7.72,5.07,-0.98,1.8,0.25
196309,-0.83,-0.37,-3.21,-0.32,-2.76,-2.18,-0.26,-0.8,-1.15,-1.85,-1.57,-0.33,0.13,0.27
196310,2.91,2.37,1.41,0.66,0.95,1.61,2.41,4.41,8.41,4.38,2.53,-0.58,-0.1,0.29
196311,1.85,-0.62,-0.4,-1.53,-1.8,-1.11,1.77,-0.4,-4.39,-0.64,-0.85,-1.17,1.75,0.27
196312,2.19,2.26,1.83,3.82,1.84,2.38,1.43,3.86,1.13,1.06,1.83,-2.16,-0.02,0.29
196401,3.9,2.51,3.21,1.04,2.43,1.43,3.02,6.14,1.46,-2.11,2.24,-0.11,1.48,0.3
196402,3.35,1.57,2.57,1.68,2.27,1.43,1.49,1.53,1.57,1.22,1.54,0.11,2.81,0.26
196403,2.41,4.63,5.88,3.3,2.63,1.14,-0.56,2.7,0.4,2.19,1.41,0.87,3.4,0.31
196404,-2.24,-3.02,-0.58,1.55,0.9,-0.13,1.56,-0.44,2.92,0.89,0.1,-1.35,-0.67,0.29
196405,1.96,1.3,0.8,1.35,2.12,-0.16,0.5,2.87,2.61,2.48,1.42,-0.86,1.86,0.26
196406,-0.29,0.7,1.4,1.92,1.22,1.65,3.3,1.11,1.15,0.67,1.27,-0.12,0.62,0.3
196407,3.03,2.26,4.61,1.74,2.47,1.85,2.85,1.79,0.34,0,1.74,0.24,0.75,0.3
196408,-0.98,-0.32,0.72,-0.79,-1.99,-0.75,-1.6,-0.87,-3.24,0.51,-1.44,0.16,0.08,0.28
196409,4.38,1.54,2.86,4.31,2.56,1.92,3.53,2.97,2.23,5.67,2.69,-0.54,1.7,0.28
196410,0.06,2.19,1.3,0.81,1.61,0,2.79,0.37,0.76,-0.73,0.59,0.42,1.17,0.29
196411,1.81,0.9,-0.61,-0.25,1.03,-0.82,2.48,0.82,0.46,0.12,0,0.69,-1.96,0.29
196412,0.4,-1.42,-1.16,-1.46,0.31,2.72,-0.78,-0.85,0.23,1.76,0.03,-0.35,-2.48,0.31
196501,5.06,5.42,4.42,4.23,1.88,2.37,3.01,4.28,7.24,3.85,3.54,2.7,0.12,0.28
196502,-0.1,1.81,2.47,1.45,-1.18,0.31,-0.71,2.09,1.41,3.4,0.44,3.55,0.11,0.3
196503,-1.76,0.43,0.01,-1.23,-2.11,-0.95,-1.97,0.86,-1.12,-2.1,-1.34,1.89,1.03,0.36
196504,2.27,3.35,1.83,2.35,1.07,4.59,2.82,2.94,5.07,6.88,3.11,1.1,0.66,0.31
196505,1.66,-0.54,-0.66,-0.27,-0.7,-0.43,-0.18,0.34,-0.18,-0.23,-0.77,0.11,-1.61,0.31
196506,-6.02,-6.42,-5.85,-4.77,-2.72,-4.74,-3.31,-6.53,-5.35,-7.01,-5.51,-4.34,0.59,0.35
196507,1.26,2.09,1.79,1.08,1.83,2.84,0.71,1.69,0.12,3.97,1.43,0.89,2.2,0.31
196508,2.49,3.59,2.34,1.54,2.8,3.3,2.57,3.42,4.18,4.99,2.73,2.84,-1,0.33
196509,3.98,5.25,4.3,3.85,1.92,3.46,2.22,3.48,2.49,2.99,2.86,0.64,-0.13,0.31
196510,3.93,3.53,1.88,4.27,2.67,1.26,1.38,3.26,2.77,4.29,2.6,2.52,1.56,0.31
196511,1.12,0.62,-1.2,-1.48,1.03,1.65,-2.65,0.09,5.59,1.77,-0.03,4.68,0.15,0.35
196512,1.28,1.08,1.35,1.09,-0.57,1.75,1.41,1.38,2.46,-0.56,1.01,2.06,2.03,0.33
196601,1.43,4.78,-1.61,-0.15,0.47,1.97,-0.26,2.77,0.03,2.11,0.72,3.84,3.56,0.38
196602,-2.01,-0.62,-3.67,-2.37,-1.54,-2.52,-0.06,-1.51,0.86,3.2,-1.21,4.4,0.33,0.35
196603,-3.93,-1.3,0.36,-3.51,-2.8,-2.75,-2.48,-2.15,-0.59,-0.62,-2.51,0.99,-1.98,0.38
196604,0.63,3.63,2.56,-0.22,2.64,2.1,2.82,2.38,3.31,5.31,2.14,3.43,-0.46,0.34
196605,-5.59,-7.47,-5.54,-5.49,-5.21,-4.87,-4.41,-5.33,-4.43,-4.08,-5.66,-4.6,-1.63,0.41
196606,-0.88,-0.44,0.47,-2.05,-2.24,-1.84,-0.69,-0.81,-0.24,-1.75,-1.44,1.03,0.5,0.38
196607,-1.88,0.01,0.25,-0.72,-1.11,-0.06,-1.17,-2.16,-3.46,-3.33,-1.63,-0.36,0.95,0.35
196608,-9.37,-7.2,-6.54,-6.4,-7.51,-8.71,-6.91,-6.08,-6.66,-11.28,-7.91,-3.27,0.43,0.41
196609,-0.98,0.64,0.35,1.19,-0.19,0.24,0.18,-3.14,-4.42,-2.82,-1.06,-1.04,0.56,0.4
196610,0.56,5.14,8.61,8.31,6.81,2.39,3.25,1.39,-1.23,2.54,3.86,-6.52,2.69,0.45
196611,2.69,-0.4,-2.66,-0.55,-1.12,2.01,2.54,2.89,5.4,10.7,1.4,4.24,-4.69,0.4
196612,3.13,2.38,-0.44,1.19,-0.37,0.99,0.58,-0.25,1.89,-2.23,0.13,1.97,-1.19,0.4
196701,11.47,8.47,5.08,5.9,7.46,7.99,8.76,9.83,11.2,10.56,8.15,8.32,2.27,0.43
196702,3.76,-1.15,-1.41,-0.04,-0.46,-0.3,3.28,1.05,1.84,3.16,0.78,3.35,-2.22,0.36
196703,3.92,2.98,5.08,2.75,3.12,4.99,4.1,6.97,4.15,5.78,3.99,1.55,0.37,0.39
196704,2.15,2.4,0.79,1.9,3.95,1.31,7.3,6.79,5.79,7.25,3.89,0.63,-2.48,0.32
196705,-0.51,-3.13,-2.02,-5.36,-3.14,-4.53,-5.28,-4.84,-3.17,-5.36,-4.33,1.9,1.09,0.33
196706,4.19,1.79,1.56,2.4,0.84,1.39,1.87,2.26,5.58,4.22,2.41,5.93,0.85,0.27
196707,8.54,8.06,5.83,-1.59,5.77,8.74,4.36,3.87,4.57,4.64,4.58,3.12,2.73,0.31
196708,0.18,-0.13,-0.95,-1.06,-1.72,0.3,-0.13,-0.74,-0.77,-1.8,-0.89,0.42,1.44,0.31
196709,2.17,3.44,3.57,1.96,1.64,2.82,4.75,4,5.4,3.02,3.11,3.06,-2.5,0.32
196710,-4.94,-5.16,-4.46,-3.04,-4.32,-2.73,-2.52,-3.07,1.9,0.82,-3.09,1.46,-3.3,0.39
196711,-0.77,-0.76,-1,0.88,2.36,0.47,0.16,0.29,2.52,1.48,0.37,0.21,-1.7,0.36
196712,5.12,3.15,3.73,2.69,2.9,1.8,3.5,3.29,3.03,3.53,3.05,5.73,-0.53,0.33
196801,3.07,-2.56,0.33,0.28,-4.03,-4.08,-5.1,-4.64,-6.94,-9.86,-4.06,3.92,4.8,0.4
196802,-4.05,-1.54,-2,-2.58,-2.66,-3.06,-3.06,-4.9,-3.56,-5.05,-3.75,-2.94,1.28,0.39
196803,-1.01,-1.07,-0.97,-0.15,0.51,0.83,1.04,-0.91,4.2,2.11,0.2,-1.34,-0.59,0.38
196804,11.57,8.13,5.16,5.31,8.04,8.15,10.9,11.15,11.23,13.44,9.05,5.68,-1.13,0.43
196805,4.43,1.53,0.56,0.08,1.96,-0.77,2.85,4.26,4.66,4.78,2.28,6.4,0.85,0.45
196806,0.89,1.78,3.34,3.08,1.26,2.51,-0.38,-0.34,-0.07,-1.38,0.69,-0.19,0.73,0.43
196807,-0.27,-1.95,-1.83,-1.51,-3.38,1.37,0.28,-4.39,-2.49,-7.16,-2.72,-1.36,5.39,0.48
196808,3.31,2.1,2.37,0.96,2.21,0.83,1.23,1.55,2.74,1.13,1.34,2.34,1.01,0.42
196809,7.67,6.3,5.25,4,2.17,2.52,5.68,2.71,4.38,5.47,4.03,2.8,0.3,0.43
196810,2.6,3.48,0.89,1.24,0.63,2.65,2.5,-3.04,0.95,-1.92,0.42,-0.48,2.86,0.44
196811,4.36,0.96,6.9,6.08,5.62,6.56,6.52,7.91,4.49,9.03,5.43,2.34,-0.92,0.42
196812,0.53,-2.82,-1.76,-4.79,-3.33,-4.28,-2.74,-5.37,-4.21,-3.07,-3.94,3.37,-0.01,0.43
196901,-0.76,-1.54,-0.34,0.73,0.6,0.68,-1.36,-1.99,-2.53,-2.82,-1.25,-0.74,1.67,0.53
196902,-6.53,-2.91,-6.2,-4.75,-5.26,-4.11,-5.56,-3.74,-4.96,-8.69,-5.84,-3.92,0.91,0.46
196903,2.49,2.45,3.37,2.02,2.73,4.2,6.77,4.1,2.75,1.69,2.64,-0.3,-0.51,0.46
196904,2.31,-0.63,1.51,4.97,1.83,1.85,0.84,2.84,1.96,1.98,1.46,-0.86,-0.03,0.53
196905,-1.57,0.72,-1.46,1.59,2.2,0.32,2.41,-1.3,0.01,-2.24,-0.1,-0.21,0.7,0.48
196906,-11.45,-6.31,-8.44,-5.73,-5.6,-7.14,-8.04,-0.7,-7.19,-8.62,-7.18,-5.37,-1.08,0.51
196907,-6.25,-6.22,-5.56,-5.92,-7.84,-6.03,-5.43,-5.29,-7.19,-10.42,-7,-3.24,1.2,0.53
196908,2.55,4.99,2.2,3.73,5.18,5.47,5.68,6.2,8.29,8.65,4.68,0.93,-3.79,0.5
196909,-1.11,-4.82,-2.19,-3.09,-4.19,-1.27,-3.77,-0.51,-1.98,-2.55,-2.98,1.18,-3.27,0.62
196910,7.81,4.18,4.39,5.72,3.08,6.87,5.77,5.35,5.81,10.31,5.06,3.91,-3.16,0.6
196911,-5.44,-4.35,-1.05,-4.88,-4.5,-3.67,-3.53,-1.46,-2.82,-3.86,-3.79,-2.58,-1.19,0.52
196912,-4.39,-3.73,-3.7,-1.96,-0.91,-1.21,1.73,-0.45,-3.91,-3.09,-2.63,-3.71,-2.86,0.64
197001,-6.01,-6.96,-4.68,-5.96,-8.21,-7.96,-8.47,-8.55,-9.09,-11.35,-8.1,2.93,3.13,0.6
197002,5.72,8.09,8.06,5.14,6.29,6.71,5.94,3.3,4.98,3.31,5.13,-2.58,3.93,0.62
197003,0.79,0.2,2.65,0.68,1.25,-0.75,-1.67,-1.16,-3.51,-3.82,-1.06,-2.32,3.99,0.57
197004,-11.22,-9.11,-8.37,-6.52,-8.14,-9.99,-9.33,-12.25,-13.86,-19.32,-11,-6.15,6.18,0.5
197005,-4.42,-5.72,-5.15,-3.62,-2.16,-6.71,-8.18,-6.93,-9.44,-12.32,-6.92,-4.59,3.33,0.53
197006,-5.61,-5.44,-4.99,-3.11,-4.17,-4.54,-2.23,-7.46,-7.81,-9.54,-5.79,-2.13,0.6,0.58
197007,7.56,9.75,9.65,8.09,6.43,6.68,7.37,6.52,5.46,6.23,6.93,-0.5,0.9,0.52
197008,3.75,4.63,6.86,5.2,3.55,4.54,4.78,4.68,5.8,7.29,4.49,1.52,1.15,0.53
197009,6.16,5,1.14,3.51,3.57,4.43,3.75,4.76,9.42,10.55,4.18,8.59,-5.47,0.54
197010,-4.3,-1.4,-0.58,-0.73,-0.82,-2.33,-0.93,-3.1,-3.8,-3.59,-2.28,-4.21,0.22,0.46
197011,4.11,3.74,6.78,5.04,5.85,5.15,3.71,4.94,4.19,3.91,4.6,-3.94,1.69,0.46
197012,6.5,8.26,4.38,6.43,5.71,7.89,8.39,7.41,7,3.73,5.72,2.92,1,0.42
197101,10.03,5.49,2.57,2.43,4.9,5.22,4.05,5.55,7.43,8.43,4.84,7.36,1.33,0.38
197102,1.08,3.63,1.48,3,-0.43,1.06,4.25,2.52,3.81,1.17,1.41,1.86,-1.23,0.33
197103,4.35,3.36,3.14,2.29,3.84,4.79,6.01,4.67,7.15,7.12,4.13,2.62,-3.95,0.3
197104,4.06,5.03,4.12,4.84,1.75,2.61,4.26,1.92,5.52,3.67,3.15,-0.49,0.69,0.28
197105,-3.08,-3.45,-4.06,-4.09,-4.34,-3.45,-3.21,-3.62,-2.79,-3.02,-3.98,-1.04,-1.44,0.29
197106,-1.04,0.79,-1.41,0.79,-0.18,-0.12,2.66,0.02,0.46,1.67,-0.1,-1.47,-1.87,0.37
197107,-4.91,-5.12,-4.47,-4.5,-2.92,-0.98,-4.72,-5.28,-5.01,-5.63,-4.5,-1.48,0.02,0.4
197108,8.85,6.5,6.59,7.03,2.63,2.93,3.2,3.44,2.97,5.17,3.79,-0.17,2.63,0.47
197109,-1.02,-2.07,-0.56,-0.87,0,-0.68,-0.49,-0.36,0.02,0.18,-0.85,0.51,-2.91,0.37
197110,-5.88,-4.58,-5.09,-6.34,-3.72,-3.67,-2.32,-1.78,-4.14,-5.76,-4.42,-1.76,-0.48,0.37
197111,0.3,-0.37,-1.81,-0.88,0.46,-0.67,0.86,0.4,-0.13,0.07,-0.46,-2.77,-1.68,0.37
197112,6.3,7.93,10.7,8.23,9.03,8.93,8.82,9.36,9.12,11.73,8.71,3.29,-0.4,0.37
197201,3.39,5.81,3.61,1.51,1.88,0.82,2.2,3.15,3.13,4.79,2.49,5.85,2.24,0.29
197202,1.33,3.45,2.35,2.47,3.16,4.98,3.12,1.26,5.44,4.31,2.87,1.3,-2.79,0.25
197203,3.63,-1.61,0.61,1.37,1.16,0.22,-0.48,1.23,1.25,0.31,0.63,-0.24,-1.61,0.27
197204,-2.66,0.58,0.57,0.92,1.46,0.21,0.23,0.64,-0.09,2.11,0.29,0.11,0.12,0.29
197205,-3.36,0.48,-0.23,0.18,1.3,2.81,3.27,1.4,3.69,2.85,1.25,-2.69,-2.7,0.3
197206,-2.44,-2.68,-3.17,-3.27,-1.42,-2.37,-2.01,-1.51,-1.47,-2.05,-2.43,0.27,-2.48,0.29
197207,-2.02,-2.44,-2.64,0.87,-1.69,0.7,-0.39,0.6,1.17,-2.59,-0.8,-2.87,0.66,0.31
197208,4.18,5.29,6.16,6.74,4.89,1.5,4.68,3.71,1.28,2.51,3.26,-4.03,4.54,0.29
197209,-3.42,-4.23,-2.99,-0.97,-2.02,0.61,1.26,-0.69,-0.66,-1.31,-1.14,-2.65,0.46,0.34
197210,0.3,-0.88,0.17,2.55,1.7,1.86,1.53,-0.71,2.88,-2.02,0.52,-2.73,1.34,0.4
197211,6.19,8.3,7.91,6.54,6.95,4.11,5.24,3.46,1.32,6.81,4.6,-1.2,4.85,0.37
197212,-3.51,-1.77,-2.2,0.76,-0.77,2.54,2.12,1.85,1.31,1.7,0.62,-1.95,-2.19,0.37
197301,-5.21,-4.7,-2.95,-2.68,-0.53,-3.48,-1.68,0.41,-3.42,-5.5,-3.29,-3.49,2.68,0.44
197302,-5.65,-5.54,-6.35,-4.5,-5.44,-4.17,-4.1,-2.5,-1.57,-7.23,-4.85,-3.87,1.6,0.41
197303,-1.1,-2.36,-0.79,0.93,0.01,-0.75,0.44,-0.18,-1.03,-2.4,-1.3,-2.82,2.62,0.46
197304,-6.84,-4.17,-3.04,-3.23,-3.62,-4.12,-3.09,-5.23,-5.37,-7.58,-5.68,-3.85,5.41,0.52
197305,-6.39,-5.27,-4.24,-0.86,-2.99,-1.36,-1.26,-1.86,0.85,-5,-2.94,-6.3,0.41,0.51
197306,-5.13,-3.67,-1.39,-1.87,0.54,-0.56,-0.61,0.17,-0.6,-3.07,-1.57,-2.86,1.2,0.51
197307,9.98,4.69,7.53,2.94,5.11,2.53,3.35,5.38,9,14.17,5.05,7.97,-5.31,0.64
197308,-3.35,-0.85,-1.4,-3.52,-3.75,-4.05,-2.38,-3.68,-3.7,-3.6,-3.82,-2.13,1.24,0.7
197309,11.6,7.02,9.37,8.24,7.01,8.18,-1.73,2.1,6.42,8.62,4.75,3.04,2.01,0.68
197310,0.85,1.19,2.73,1.92,-1.68,-2.6,1.11,0.2,-2.2,-0.07,-0.83,-0.45,1.94,0.65
197311,-12.85,-13.46,-14.1,-10.45,-12.33,-9.89,-10.17,-12.81,-13.49,-19.08,-12.75,-7.67,3.87,0.56
197312,4.56,2.49,5.26,4.11,2.09,2.68,-1.57,-1.65,0.18,2.85,0.61,-5.35,3.85,0.64
197401,1.76,3.76,1.22,-1.77,0.91,1.2,-1.07,-0.44,0.11,0.4,-0.17,9.68,6.02,0.63
197402,3.42,1.43,2.72,0,-0.51,1.16,-1.62,-0.36,-0.24,-0.77,-0.47,-0.18,2.81,0.58
197403,-0.62,-2.57,-1.37,-2.9,-1.9,-3.18,-1.32,-1.77,-2.23,-3.29,-2.81,2.6,-0.32,0.56
197404,-4.64,-3.26,-1.5,-3.58,-5.32,-4.14,-5.16,-4.03,-4.9,-5.15,-5.29,-0.74,0.85,0.75
197405,-5.5,-4.26,-5.11,-5.59,-3.19,-2.14,-3.04,-1.14,-3.54,-7.51,-4.68,-2.96,-2.02,0.75
197406,-1.19,-0.47,-1.49,-1.2,-0.73,-0.91,-1.74,-3.13,-5.31,-5.2,-2.83,-0.17,0.77,0.6
197407,-3.19,-3.69,-3.68,-6.61,-9.19,-7.03,-6.19,-8.95,-10.4,-9.37,-8.05,0.84,5.16,0.7
197408,-5.71,-6.62,-9.65,-6.62,-5.29,-9.83,-9.58,-10.26,-10.22,-9.86,-9.35,-0.73,2.64,0.6
197409,-8.49,-8.16,-6.9,-10.78,-7.65,-11.28,-12.59,-12.29,-15.21,-15.12,-11.77,0.27,5.58,0.81
197410,15.4,17.77,16.61,17.13,13.48,15.51,15.65,22.67,20.17,19.69,16.1,-3.46,-9.87,0.51
197411,-1.65,-1.77,-1.67,-1.3,-3.29,-4.99,-6.36,-4.12,-4.1,-5.1,-4.51,-1.21,-0.2,0.54
197412,-4.58,-0.84,-1.79,-1.13,-0.04,-2.78,-1.76,-3.58,-6.37,-6.54,-3.45,-4.83,0.11,0.7
197501,20.42,13.43,15.02,11.6,11.97,14.29,14.15,12.33,16.79,17.22,13.66,11.14,8.28,0.58
197502,4.8,3.03,3.07,5.46,4.72,6.24,9.55,8.51,5.12,7.18,5.56,0.16,-4.44,0.43
197503,5.53,4.34,5.97,3.56,2.1,0.88,1.34,5.26,3.86,6.89,2.66,3.78,2.38,0.41
197504,4.79,5.11,4.49,2.63,2.7,3.02,7.3,5.82,5.96,9.25,4.23,-0.65,-1.14,0.44
197505,6.76,6.84,4.63,7.5,4.7,5.77,6.76,5.6,3.44,6.69,5.19,3.83,-4.1,0.44
197506,6.57,5.31,6.63,4.82,5.99,5.31,4.34,4.81,4.46,4.9,4.83,0.87,1.38,0.41
197507,-3.26,-1.73,-6.84,-5.85,-6.85,-7.71,-6.53,-6.07,-6.13,-6.27,-6.59,2.7,1.69,0.48
197508,-4.82,-3.46,-4.47,-1.79,-1.44,-2.21,-1.77,-2.35,-2.24,-2.48,-2.85,-3.25,-0.95,0.48
197509,-6.72,-1.78,-4.11,-2.94,-2.99,-2.06,-4.18,-4.43,-4.61,-4.75,-4.26,-0.1,0.39,0.53
197510,4.16,8.29,7.28,7.88,6.13,8.52,5.63,6.37,4.21,2.7,5.31,-4.03,0.28,0.56
197511,2.91,2.62,5.56,5.3,4.5,4.37,2.44,2.31,1.25,0.73,2.64,-1.2,2.03,0.41
197512,-0.58,0.15,-1.94,-1.01,-1.93,-1.1,-0.41,-1.24,-1.7,0.36,-1.6,-0.78,1.69,0.48
197601,20.48,15.11,13.84,12.28,10.93,13.21,13.94,9.7,11.46,15.43,12.16,4.81,8.63,0.47
197602,9.4,4.15,3.72,0.42,0.61,0.02,0.54,-1.32,-2.13,1.57,0.32,7.06,5.87,0.34
197603,3.03,4.11,2.12,3.54,2.51,2.55,2.07,1.88,4.45,1.15,2.32,-1.16,-0.12,0.4
197604,-2.48,-1.04,-2.47,-2.77,-0.85,-1.6,-1.4,0.01,-0.12,-0.93,-1.49,-0.11,-0.16,0.42
197605,-1.69,-1.64,-1.75,-3.23,-2.93,0.06,-1.36,-0.59,0.94,-0.37,-1.34,-1.23,-1.36,0.37
197606,7.25,3.94,6.72,4.3,3.51,6.08,4.98,3.68,3.55,4.99,4.05,-1.32,0.71,0.43
197607,0.41,0.2,-1.35,-0.44,0.5,0.03,-0.94,-0.28,-0.48,-2.78,-1.07,0.29,1.73,0.47
197608,-1.76,-3.08,-1.45,-1.37,0.39,0.71,1.95,0.14,-1.47,-0.94,-0.56,-2,0.81,0.42
197609,0.7,1.05,3.14,1.51,2.65,4.05,0.98,2.86,3.08,3.47,2.07,-0.02,-0.29,0.44
197610,-3.17,-2.6,-2.66,-3.87,-2.88,-1.64,-0.28,-2.16,-1.51,-3.33,-2.42,0.22,-0.18,0.41
197611,3.9,2.38,0.05,1.51,1.09,1.88,1.13,-0.34,-0.08,0.74,0.36,2.32,1.51,0.4
197612,10.09,9.27,7.6,7.72,6.71,7.19,4.72,5.68,4.09,5.18,5.65,3.03,2.27,0.4
197701,1.54,-1.38,-2.36,-1.24,-2.08,-3.65,-4.19,-4.19,-6.35,-5.62,-4.05,4.76,4.27,0.36
197702,-1.95,-2.32,-1.93,-2.64,-2.16,-1.42,-0.47,-1.18,-2.17,-2.6,-1.94,1.04,0.47,0.35
197703,-0.23,0.08,-1.13,-0.36,-0.19,-1.55,-2.19,-0.76,-1.27,-0.54,-1.37,1,1.09,0.38
197704,2.92,1.01,0.88,1.33,2.85,1.11,-0.43,-1.08,-0.12,1.01,0.15,-0.12,3.38,0.38
197705,-0.17,-1.28,-1.12,-0.8,-0.12,-1,-0.94,-1.82,-1.58,-0.85,-1.45,1.18,0.85,0.37
197706,6.2,4.27,4.89,5.28,4.57,4.17,3.91,6.19,5.03,7.23,4.71,2.09,-0.74,0.4
197707,-1.48,-0.94,-0.81,-0.09,-1.08,-1.76,-1.62,-0.99,-2.5,-1.23,-1.69,2.16,-0.56,0.42
197708,-1.65,-1.03,-0.25,-3.12,-2.36,-1.27,-1.15,-0.28,-1.62,-0.79,-1.75,1.48,-2.7,0.44
197709,-2.22,0.09,-0.87,0.81,1.82,-0.94,0.37,-0.47,-0.21,0.23,-0.27,1.34,-0.52,0.43
197710,-3.72,-3.45,-4.4,-3.57,-4.05,-4.23,-4.17,-3.31,-4.22,-3.93,-4.38,1.25,1.75,0.49
197711,9.29,7.66,4.34,5.03,3.47,3.58,4.16,3.79,5.41,5.66,4,3.73,0.26,0.5
197712,1.85,0.87,-0.37,0.72,1.02,0.61,0.56,1.61,-0.25,-0.04,0.27,1.32,-0.29,0.49
197801,-2.6,-3.72,-5.33,-4.72,-4.45,-5.9,-6.82,-4.79,-7.17,-6.86,-6.01,2.24,3.36,0.49
197802,2.31,1.73,-1.92,-0.62,1.36,-1.59,-1.43,-2.59,-1.73,-0.97,-1.38,3.59,0.83,0.46
197803,8.74,6.99,3.06,3.6,3.37,3,3.94,0.67,5.03,3.53,2.85,3.49,1.18,0.53
197804,8.31,8.55,9.54,6.05,5.19,9.11,9,10.27,9.39,10.65,7.88,0.45,-3.54,0.54
197805,7.47,5.5,2.11,2.07,1.38,2.92,0.71,1.53,2.8,3.22,1.76,4.56,-0.52,0.51
197806,-1.31,-0.21,-1.02,-1,-1.57,-2.1,-1.28,-0.97,-0.6,-1.24,-1.69,1.66,0.57,0.54
197807,6.08,5.66,5.68,7.31,3.88,6.16,5.15,5.06,6.39,7.25,5.11,0.23,-1.15,0.56
197808,6.68,5.65,4.79,3.55,2.96,4.53,3.84,4.22,4.79,6.77,3.75,5.06,-0.51,0.56
197809,0.04,-0.16,0.74,-1.65,0.17,-1.48,-0.2,-1.66,-1.52,-2.59,-1.43,-0.43,1.89,0.62
197810,-21.62,-13.49,-10.54,-8.25,-8.35,-10.86,-11.39,-11.08,-13.15,-16.74,-11.91,-9.86,1.38,0.68
197811,6.45,2.61,4.03,3.35,2.62,3.27,2.51,3.16,4.32,5.18,2.71,2.97,-2.15,0.7
197812,1.33,1.7,0.3,3.66,-0.01,1.89,1.27,2.31,2.66,1.47,0.88,1.29,-2.13,0.78
197901,11.57,6.5,5.06,5.28,5.01,4.45,4.08,3.72,4.84,5.76,4.23,3.62,2.19,0.77
197902,-3.47,-2.61,-2.46,-2.33,-2.59,-3.84,-2.62,-3.82,-3.02,-4.57,-3.56,0.45,1.17,0.73
197903,12.19,8.15,7.69,5.55,3.97,5.21,6.76,5.55,7.77,10.05,5.68,3.26,-0.71,0.81
197904,2.78,0.56,0.4,-0.05,-0.52,0.85,2.14,0.09,2.23,0.65,-0.06,2.15,1.12,0.8
197905,-2.4,-0.79,-2.61,-1.16,-1.29,-2.41,-1.34,-1.5,-0.15,-1.87,-2.21,0.21,1.31,0.82
197906,5.37,5.16,5.55,2.07,3.56,4.97,5.44,4.89,5.61,6.65,3.85,1.17,1.44,0.81
197907,3.81,3.02,2.52,-0.54,2.47,1.82,0.97,2.46,1.09,2.61,0.82,1.28,1.86,0.77
197908,6.91,7.07,5.74,3.82,6.92,6.74,6.02,7.18,8.5,9.29,5.53,2.05,-1.58,0.77
197909,0.97,0.19,0.8,-0.11,-0.36,0.54,-1.79,-0.1,0.3,-0.41,-0.82,-0.27,-0.9,0.83
197910,-9.22,-7.69,-5.53,-5.4,-8.11,-8.02,-7.31,-7.86,-7.45,-8.62,-8.1,-3.37,-1.84,0.87
197911,8.91,6.8,5.6,4.86,6.49,4.02,5.2,7.21,8.77,10.13,5.21,2.87,-3.29,0.99
197912,10.23,2.77,0.81,0.57,3.38,2.94,1.6,2.77,4.55,6.18,1.79,4.17,-2.1,0.95
198001,8.79,7.1,9.65,5.03,5.74,6.92,2.57,4.74,7.79,7.27,5.51,1.62,1.75,0.8
198002,0.58,0.08,3.56,2.01,-2.04,-0.89,-3.83,-3.29,-3.13,-0.91,-1.22,-1.85,0.61,0.89
198003,-18.27,-13.73,-13.21,-10.4,-10.58,-10.75,-6.44,-9.99,-12.08,-15.81,-12.9,-6.64,-1.01,1.21
198004,5.41,6.04,5.58,4.47,5.93,3.1,5.22,6.44,3.7,5.98,3.97,1.05,1.06,1.26
198005,5.39,8.08,6.29,4.22,7.17,5.7,5.46,6.06,7.85,6.59,5.26,2.13,0.38,0.81
198006,4.41,1.15,3.39,3,2.91,2.9,3.5,3.71,4.53,5.02,3.06,1.66,-0.76,0.61
198007,8.11,9.27,5.75,4.25,7.48,4.36,8.39,5.32,11.14,10.43,6.49,4.14,-6.41,0.53
198008,6.57,1.31,1.89,2.95,0.32,1.74,2.42,1.96,1.82,4.86,1.8,3.92,-2.6,0.64
198009,3.74,0.26,3.71,1.3,0.04,4.57,1.07,4.25,5.21,7.75,2.19,0.98,-4.59,0.75
198010,3.19,-1.35,4.78,0.19,-0.19,2.41,2.72,4.53,2.38,2.22,1.06,2.47,-2.76,0.95
198011,7.45,3.41,11.82,7,8.88,11.98,10.26,13.56,13.59,15.8,9.59,-3.36,-8.33,0.96
198012,-3.05,0.19,-5.84,-1.89,-0.52,-3.35,-3.12,-4.17,-5.53,-2.43,-4.52,-0.26,2.79,1.31
198101,-2.06,-0.49,-3.87,0.89,-2.41,-4.89,-3.97,-6.9,-6.09,-9.26,-5.04,2.92,6.72,1.04
198102,1.68,3.84,2.34,4.11,3.65,1.76,0.96,0.36,0.51,-0.14,0.57,-0.34,1.02,1.07
198103,5.9,10.37,3.58,3.12,4.77,3.16,1.8,4.78,6.7,5.62,3.56,3.54,0.64,1.21
198104,-1.3,0.11,1.25,0.77,-0.51,-3.71,-1.18,-3.44,0.27,-1.14,-2.11,4.4,2.28,1.08
198105,1.13,1.94,-1.5,2.43,0.57,0.31,0.67,-0.59,2.54,4.06,0.11,2,-0.42,1.15
198106,-1.38,-2.1,1.4,-0.96,-0.36,0.91,0.59,0.11,-4.19,-4.2,-2.36,-0.83,5.13,1.35
198107,-0.39,-3.78,-2.73,-2.17,-1.15,-0.95,0.21,2.08,2.95,0.09,-1.54,-2.19,-0.5,1.24
198108,-7.31,-6.7,-5.12,-4.24,-4.33,-4.77,-5.76,-6.06,-6.79,-9.38,-7.04,-1.95,4.76,1.28
198109,-8.53,-4.45,-6.19,-3.93,-1.48,-6.03,-4.03,-7.47,-8.91,-9.36,-7.17,-2.65,5.17,1.24
198110,7.93,4.34,5.2,0.52,3.85,8.17,4.64,7.44,9.3,12.12,4.92,2.23,-4.21,1.21
198111,1.96,5.48,5.35,4.46,4.6,4.34,4.75,4.52,3.94,3.45,3.36,-1.03,1.83,1.07
198112,-0.8,-1.53,-1.4,-0.5,-1.74,-3.02,-2.96,-4.18,-4.35,-4.48,-3.65,1.2,0.81,0.87
198201,-2.07,-2.93,-2.65,1.88,-0.63,-3.54,-0.83,-2.95,-5.57,-5.57,-3.24,-1.28,3.19,0.8
198202,-4.37,-2.49,-2.07,-1.65,-3.99,-3.37,-3.78,-6.5,-8.6,-9.31,-5.86,0.44,6.05,0.92
198203,-1.59,0.29,-0.14,0.38,1.08,0.37,-0.36,-1.62,-2.36,-4.56,-1.87,-0.21,3.81,0.98
198204,5.39,6.77,5.78,4.88,1.96,3.68,3.4,5.44,5.71,5.94,3.27,1.47,-2.7,1.13
198205,-3.9,-3.64,-3.4,-1.75,-2.58,-3.19,-2.78,-2.45,-1.96,-4.57,-3.99,0.52,1.75,1.06
198206,-2.03,-0.71,-1.18,-0.74,-1.33,0.45,-0.16,-3.93,-4.64,-4.62,-3.09,-0.4,1.53,0.96
198207,-0.82,-2.48,-2,-1.33,-1.59,0.08,-3.18,-1.31,-4.12,-4.86,-3.19,0.83,0.09,1.05
198208,11.52,13.23,11.89,11.18,12.74,10.73,11.97,11.88,13.22,11.96,11.14,-4.14,0.95,0.76
198209,3.03,0.29,1.74,3.76,1.8,1.61,0.71,2.69,2.33,1,1.29,2.95,0.28,0.51
198210,17.13,14.14,12.77,10.74,10.08,8.66,11.29,10.77,12.99,18.16,11.3,2.34,-3.66,0.59
198211,9.09,7.11,4.07,4.81,4.27,4.58,4.03,4.36,5.73,8.86,4.67,4.67,-1.87,0.63
198212,2.32,0.82,0.77,2.21,-0.98,3.05,2.78,1.53,0.51,-1.93,0.55,-0.22,-0.02,0.67
198301,9.34,3.59,3.21,1.89,2.8,5.44,3,3.34,3.6,6.54,3.6,2.73,-0.75,0.69
198302,3.11,3.43,3.75,3.67,5.12,1.37,3.06,3.72,3.75,3.11,2.59,3.27,0.7,0.62
198303,6.15,4.44,6.21,5.18,2.58,3.02,2.36,3.66,3.35,3.16,2.82,1.73,2.02,0.63
198304,9.6,8.19,7.63,6.36,6.29,8.94,7.41,5.94,5,8.69,6.67,0.5,0.49,0.71
198305,2.91,1.96,0.03,-1.55,0.44,-1.54,-0.44,1.34,2.84,5.68,0.52,6.24,-1.4,0.69
198306,5.75,2.64,1.85,1.48,2.61,2.57,6.19,4.36,4.94,4.96,3.07,0.95,-3.9,0.67
198307,-2.35,-0.69,-1.37,-2.05,-3.68,-2.35,-2.71,-4.46,-3.52,-6.04,-4.07,1.5,5.62,0.74
198308,-1.46,-0.33,3.49,1.35,1.56,1.17,0.25,0.28,-1.16,-1.91,-0.5,-4.28,5.54,0.76
198309,1.1,2.95,0.93,1.24,2.2,1.2,3.86,1.41,1.72,0.46,0.91,0.61,1.01,0.76
198310,-3.23,-2.41,-0.87,-0.87,-1.21,-1.21,-0.98,-3.33,-3.42,-6.94,-3.44,-3.57,4.97,0.76
198311,6.12,3.73,2.82,4.19,4.29,2.58,-0.73,2.77,2.76,3.75,2.16,2.01,-0.72,0.7
198312,1.1,-0.18,-0.53,-1.49,1.28,-2.6,-0.69,-1.4,-1.64,-1.26,-1.78,-0.27,1.73,0.73
198401,-0.75,-1.98,1.25,-1.72,0,3.84,-2.22,-2.75,-1.7,-4.83,-1.92,-0.38,7.58,0.76
198402,-6.09,-6.81,-0.63,-4.47,-4.36,-2.12,-3.45,-3.72,-5.43,-6.73,-4.82,-1.69,3.33,0.71
198403,3.62,2.74,1.78,1.98,2.81,-2.35,2.14,1.22,0.66,1.13,0.63,0.07,0.46,0.73
198404,-3.13,-1.58,2.81,1.13,0.53,1.74,0.67,-0.87,-0.17,-0.11,-0.51,-1.16,1.2,0.81
198405,-6.53,-6.28,-5.57,-6.22,-5,-4.28,-4.71,-3.96,-5.53,-4.77,-5.97,0.06,0.31,0.78
198406,2.98,1.37,0.85,2.88,2.79,6.1,1.75,3.78,2.26,3.38,1.82,-0.3,-2.66,0.75
198407,-6.92,-5.41,-3.05,-2.8,-1.84,-0.7,0.19,0.9,-1.7,-4.3,-2.74,-2.21,0.36,0.82
198408,11.52,14.09,12.17,9.71,10.8,9.77,9.61,11.53,12.05,13.95,10.28,-0.24,-1.82,0.83
198409,-1.34,0.01,1.61,-0.88,1.21,0.93,1.51,-0.47,-2.52,-2.45,-0.8,0.17,5.28,0.86
198410,-3.04,-0.02,-1.06,-0.62,0.58,1.83,1.8,1.29,-0.79,-1.3,-0.84,-1.23,0.45,1
198411,-2.26,-0.42,0.34,-0.07,-0.54,-0.65,-0.08,-1.78,-2.87,-3.6,-1.76,-0.65,4.06,0.73
198412,0.7,-0.85,3.62,1.43,3.09,2.18,3.59,2.91,2.07,3.18,1.84,-0.56,-0.26,0.64
198501,10.92,7.95,6.73,5.55,6.51,8.13,7.67,9.5,12.16,13.57,7.99,3.31,-5.35,0.65
198502,2.68,3.43,2.34,1.82,2.35,2.04,1.52,0.76,1.47,0.83,1.22,0.79,-0.1,0.58
198503,-0.08,0.98,2.16,0.84,0.8,-0.55,0.72,-1.87,-2.09,-2.79,-0.84,-1.08,4.07,0.62
198504,-1.3,-1.78,0.86,-0.24,0.64,0.45,-1.07,-0.54,-0.26,-2.24,-0.96,0.14,3.72,0.72
198505,2.34,4.74,5.98,3.76,5.43,6.37,7.84,5.71,7.48,5.83,5.09,-2.22,-0.96,0.66
198506,0.33,1.3,1.13,1.54,2.81,1.15,2.82,0.41,2.44,2.9,1.27,0.52,0.38,0.55
198507,-0.8,-0.67,0.71,-1.23,0.07,-0.35,-1.12,1.64,0.6,-0.58,-0.74,2.84,-1.62,0.62
198508,-0.74,0.42,0.66,0.59,-0.4,0.18,-0.65,-1.45,-1.26,-2.19,-1.02,-0.3,2.32,0.55
198509,-4.39,-1.36,-3.46,-1.42,-3.35,-4.04,-4.49,-4.07,-5.07,-6.3,-4.54,-1.59,1.29,0.6
198510,2.05,3.08,4.31,4.73,5.29,6.16,4.62,5.44,3.39,5.25,4.02,-1.51,0.75,0.65
198511,8.83,6.18,4.44,6.18,7.7,7.72,7.27,7.58,8.74,6.68,6.48,0.25,-2.85,0.61
198512,3.42,4.26,2.99,3.54,5.93,3.88,4.1,6.92,4.22,3.86,3.88,-0.51,-1.54,0.65
198601,-3.27,-0.92,-0.18,1.17,0.94,1.91,2.14,1.03,2.9,1.75,0.65,1.21,0.44,0.56
198602,4.47,9.36,4.78,8.65,8.98,8.66,9.02,5.27,8.3,8.85,7.13,-0.54,-0.72,0.53
198603,3.17,6.7,6.22,4.64,5.35,6.43,6.8,4.48,4.36,5.01,4.88,-0.59,-0.39,0.6
198604,3.1,-0.39,1.07,-2.79,-1.92,-2.78,-2.01,0.81,-0.18,-1.05,-1.31,2.78,-2.87,0.52
198605,3.5,7.32,5.84,5.9,5.49,4.98,5.39,2.45,5.19,5.51,4.62,-1.35,-0.21,0.49
198606,-0.21,2.17,0.47,2.99,2.37,3.02,2.95,0.51,-1.53,-0.55,1.03,-0.96,1.28,0.52
198607,-11.13,-8.49,-4.76,-3.76,-4.77,-3.56,-3.58,-6.34,-8.4,-8.37,-6.45,-3.36,4.7,0.52
198608,7.86,12.16,8.04,7.53,7.97,7.31,5.53,4.87,5.72,4.21,6.07,-4.17,3.51,0.46
198609,-5.59,-2.9,-4.68,-8.27,-8.34,-9.75,-9.77,-10,-7.31,-9.47,-8.6,2.36,3.22,0.45
198610,4.79,4.02,7.71,5.15,5.16,5.16,6.82,6.18,1.44,6.39,4.66,-2.5,-1.42,0.46
198611,2.11,0.69,2.33,1.89,3.12,2.28,1.41,1.05,1.46,0.62,1.17,-1.91,-0.07,0.39
198612,-3.31,-2.14,-3.64,-2.4,-2,-2.22,-2.28,-2.09,-4.15,-3.34,-3.27,0.13,0.36,0.49
198701,15.08,12.48,9.72,13.12,12.77,13.45,13.22,13.62,11.33,14.49,12.47,-1.81,-3.16,0.42
198702,6.33,4.45,0.86,2.03,3.22,3.24,5.46,6.55,7.17,7.16,4.39,3.49,-5.91,0.43
198703,6.92,6.15,5.2,3.2,1.15,1.4,0.6,1.04,2.09,0.53,1.64,0.45,1.61,0.47
198704,-2.39,0.75,-1.02,-1.3,-1.99,-2.36,-2.49,-1.73,0.42,-3.2,-2.11,-1.69,-0.39,0.44
198705,1.08,2.99,0.96,0.79,0.73,0.81,-0.33,0.66,0.81,-0.79,0.11,-0.5,0.23,0.38
198706,2.48,5.33,5.31,4.48,5.59,5.73,5.41,4.09,2.41,4.67,3.94,-2.12,1.04,0.48
198707,5.36,6.41,4.79,5.45,3.26,1.96,4.18,4.81,5.61,2.98,3.85,-0.69,0.68,0.46
198708,0.35,2.2,5.95,4.28,3.24,4.31,4.33,4.57,5.14,3.5,3.52,-0.77,-0.93,0.47
198709,-1.93,-1.49,-0.62,1.2,-0.5,-4.69,-3.21,-2.54,-2.3,-4.12,-2.59,0.54,0.27,0.45
198710,-27.58,-21.34,-21,-18.38,-17.46,-21.72,-23.67,-23.2,-24.45,-28.31,-23.24,-8.43,4.24,0.6
198711,-8.61,-8.2,-8.57,-3.96,-7.76,-7.4,-7.61,-7.04,-8.11,-8.74,-7.77,2.72,2.95,0.35
198712,6.76,7.79,4.87,4.36,5.12,8.16,8.51,8.76,8.18,10.01,6.81,0.13,-4.43,0.39
198801,6.83,6.52,5.37,4.1,6.24,2.83,3.98,5.56,2.78,3.85,4.21,-0.72,5.01,0.29
198802,7.87,4.06,6.31,5.35,2.85,5.15,4.87,4.92,4.26,8.32,4.75,3.34,-1.71,0.46
198803,0.87,0.74,-1.36,-2.01,-2.2,-3.51,-3.56,-1.89,-3.46,-0.76,-2.27,6.15,0.73,0.44
198804,0.85,2.48,2.02,1.02,0.9,1.3,0.17,1.66,-0.57,0.15,0.56,1,1.67,0.46
198805,-1.58,0.61,0.02,1.05,1.91,0.11,0.57,0.08,0.8,-1.49,-0.29,-2.6,2.42,0.51
198806,3.17,0.49,3.43,4.77,6.05,7.17,4.6,5.77,6.43,8.05,4.79,2.11,-1.24,0.49
198807,-0.78,-0.33,-0.42,0.18,0.12,-0.07,-1.27,-1.04,-1.3,-3.47,-1.25,-0.25,2.22,0.51
198808,-2.57,-1.34,-2.52,-2.05,-1.83,-2.98,-2.56,-3.82,-3.97,-3.72,-3.31,0.04,2.15,0.59
198809,3.17,2.01,4.02,4.62,2.4,3.98,5.65,4.44,4.7,3.35,3.3,-1.31,-0.75,0.62
198810,0.88,1.3,4.56,2.16,1.73,2.08,1.41,3.84,0.17,-0.91,1.15,-2.93,2.05,0.61
198811,-3.32,-0.96,0.1,-1.49,-1.53,-1.58,-1.69,-1.75,-3.1,-2.95,-2.29,-1.72,1.41,0.57
198812,2.83,2.01,1.23,1.96,1.84,2.47,1.52,1.52,3.6,3.87,1.49,1.95,-1.69,0.63
198901,6.65,6.98,7.22,5.85,6.23,6.17,6.58,7.76,6.07,7.42,6.1,-2.23,0.6,0.55
198902,-0.91,0.96,-0.5,-1.64,-1.89,-2.19,-2.03,-2.62,-2.61,-1.33,-2.25,2.82,1.01,0.61
198903,2.18,2.72,3.48,3.54,3,0.15,2.29,0.93,2.69,1.62,1.57,0.67,0.58,0.67
198904,3.74,4.61,5.32,6.06,3.52,4.81,6.12,4.36,6.15,5.34,4.33,-0.68,-1.42,0.67
198905,4.7,4.37,3.99,4.99,3.73,3.07,5.1,3.57,4.54,3.85,3.35,-0.05,-0.88,0.79
198906,-0.46,-0.17,-0.43,0.67,0.04,0.77,-2.02,-0.41,-1.44,-2.91,-1.35,-1.02,2.25,0.71
198907,9.26,8.3,7.43,7.56,8.53,8.04,6.69,8.58,9.69,7.29,7.2,-4.14,-2.79,0.7
198908,3.93,1.65,1.5,0.87,2.14,1.4,2.83,1.37,2.6,3.43,1.44,0.56,0.6,0.74
198909,0.16,1.96,0.4,-0.93,-1.31,1.68,-1.61,0.14,0.48,-1.35,-0.76,0.32,-1.27,0.65
198910,-4.12,-2.82,-0.69,-4.37,-2.4,-3.09,-3.91,-2.92,-2.24,-3.31,-3.67,-3.23,-1.11,0.68
198911,3.47,1.84,2.9,2.11,1.45,3.04,0.48,0.2,1.63,1.21,1.03,-1.24,-1.09,0.69
198912,2.22,4.83,3.45,2.23,1.95,1.18,1.36,3.35,-0.92,0.41,1.16,-2.36,0.16,0.61
199001,-7.19,-8.2,-6.27,-6.31,-7.72,-8.51,-5.76,-8.52,-8.03,-6.39,-7.85,-1.24,0.85,0.57
199002,2.13,2.3,1.3,1.35,0.34,1.19,3.07,-0.08,2.06,2.4,1.11,0.99,0.64,0.57
199003,2.13,3.07,1.66,1.88,2.02,2.86,1.69,2.61,2.17,4.01,1.83,1.5,-2.92,0.64
199004,-3.07,-3.97,-3.79,-4.09,-1.76,-1.88,-2.58,-3.29,-1.07,-2.01,-3.36,-0.46,-2.59,0.69
199005,9.88,6.62,8.83,7.46,9.66,10.32,9.36,8.37,11.78,8.7,8.42,-2.53,-3.83,0.68
199006,-1.61,-3.27,-0.34,-1.01,0.76,0.63,-1.86,-1.77,1.33,0.16,-1.09,1.4,-1.93,0.63
199007,-0.1,-0.24,1.82,-1.14,-1.95,-0.94,0.28,-0.51,-3.09,-4.98,-1.9,-3.12,-0.03,0.68
199008,-10.68,-8.46,-6.82,-7.23,-9.42,-10.16,-9.2,-11.45,-10.58,-11.18,-10.15,-3.57,1.64,0.66
199009,-7.73,-6.13,-1.63,-1.98,-3.19,-5.16,-5.76,-8.54,-7.72,-9.41,-6.12,-3.65,0.64,0.6
199010,-6.58,-4.64,-0.65,-0.39,0.34,1.25,0.29,-2.21,-2.97,-3.13,-1.92,-5.57,0.1,0.68
199011,5.12,7.04,3.69,5.91,6.07,4.45,7.47,7.37,10.34,11,6.35,0.43,-3.1,0.57
199012,0.86,3.93,1.75,2.41,2.27,2.1,3.18,4.52,4.33,4.77,2.46,0.81,-1.7,0.6
199101,6.68,2.64,0.56,2.9,5.62,5.93,3.17,6.76,8.46,10.5,4.69,3.81,-1.6,0.52
199102,11.24,8.34,6.24,7.13,6.72,7.72,7.41,7.2,7.58,10.02,7.19,3.95,-0.58,0.48
199103,1.76,3.6,2.27,2.04,-0.09,4.34,4.82,2.48,3.94,4.8,2.65,3.93,-1.39,0.44
199104,0.55,0.26,1.88,-0.32,-1.51,1.45,0.07,2.56,-0.64,-0.33,-0.28,0.48,1.5,0.53
199105,2.12,2.69,1.17,2.39,3.71,3.72,4.99,6.73,4.67,5.68,3.65,-0.4,-0.52,0.47
199106,-7.42,-5.15,-2.42,-3.54,-5.5,-3.42,-4.44,-4.34,-4.4,-6.4,-4.94,0.13,1.15,0.42
199107,2.57,3.93,4.61,4.49,3.15,4.57,4.2,4.7,5.21,7.02,4.24,-0.92,-1.32,0.49
199108,1.35,2.29,3.53,2.48,1.63,1.17,2.59,2.49,4.15,4.53,2.32,1.58,-0.78,0.46
199109,-1,-2.64,0.74,0,0.4,-0.79,-2.65,-1.48,-1.97,-1.37,-1.59,1.64,-1.08,0.46
199110,5.04,-0.13,2.33,2.95,1.37,0.81,2.2,1.13,1.09,2.58,1.29,0.81,-0.47,0.42
199111,-4.73,-5.04,-2.03,-3.93,-5.07,-5.81,-4.77,-3.27,-2.34,-1.74,-4.19,-0.5,-1.89,0.39
199112,9.42,8.56,9.73,8.86,7.27,9.79,10.75,11.35,15.19,14.79,10.84,-2.24,-4.17,0.38
199201,11.92,7.22,-1.61,0.03,-1.78,-1.83,-1.73,-0.31,-1.62,0.98,-0.59,8.46,4.71,0.34
199202,4.2,5.53,1.21,1.33,2.21,1.12,1.2,0.64,0.94,0.7,1.09,0.87,6.47,0.28
199203,-2.89,-1.8,-1.8,-2.07,-1.54,-1.02,-2.4,-0.46,-2.68,-5.71,-2.66,-1.04,3.56,0.34
199204,-3.13,0.85,2.98,4.27,5.2,4.23,1.32,1.81,-0.45,-2.52,1.07,-6.06,4.34,0.32
199205,0.01,1.61,-0.03,1.15,1.04,0.65,-0.16,0.55,0.49,1.16,0.3,0.41,1.19,0.28
199206,-2.58,-1.39,-2.09,-0.82,0.03,-1.26,-2.48,-2.14,-2.85,-3.43,-2.34,-3.07,3.24,0.32
199207,3.72,3.33,3.32,3.76,5.53,2.73,3.59,4.78,4.37,3.97,3.77,-0.47,-0.56,0.31
199208,-4.97,-3.97,-3.22,-1.32,-1.47,-3.06,-1.31,-1.02,-2.96,-2.26,-2.38,-0.13,-1.1,0.26
199209,0.27,3.95,0.48,0.55,1.26,0.35,1.41,1.3,1.95,2.59,1.19,0.54,-0.26,0.26
199210,1,2.37,2.64,-0.7,-2.16,-0.89,2.71,2.09,2.04,4.4,1.02,2.09,-1.98,0.23
199211,3.48,5.11,3.15,2.65,2.08,4.48,3.63,3.97,6.14,6.75,4.13,3.76,-1.35,0.23
199212,2.46,3.92,0.94,2.92,1.82,-0.43,1.46,2.18,2.36,1.23,1.53,1.69,2.62,0.28
199301,4.39,4.92,2.26,3.11,0.65,1.05,-1.45,-1.04,1.2,1.14,0.93,1.89,5.94,0.23
199302,1.2,1.83,2.49,3.67,1.71,2.03,1.79,-0.97,-0.52,-4.44,0.12,-3.48,6.42,0.22
199303,4.59,1.51,3.34,4.12,1.2,1.27,4.15,2.68,1.88,1.76,2.3,0.24,1.18,0.25
199304,-0.78,-1.4,-1.68,-1,-2.83,-2.14,-2.17,-2.54,-3.26,-6.64,-3.05,-0.67,2.49,0.24
199305,3.42,2.9,2.76,2.02,1.41,2.77,2.83,2.19,5.13,5.33,2.89,2.04,-3.42,0.22
199306,0.77,1.6,0.05,1.13,1.42,0.25,1.57,0.98,-1.3,-0.72,0.31,-0.29,2.75,0.25
199307,4.21,0.12,0.17,1.52,1.78,0.33,-0.75,-0.66,-2.54,-2.09,-0.34,0.96,2.85,0.24
199308,5.26,4.31,3.73,4.39,2.92,4.66,2.61,4.27,3.51,4.13,3.71,0.13,0.13,0.25
199309,0.96,0.26,1.01,0.21,-0.55,-0.2,-1.96,0.03,-0.23,1.61,-0.12,3.04,-0.31,0.26
199310,3.65,3.37,0.69,1,2.55,2.62,0.65,0.99,2.33,1.69,1.41,2.03,-2.76,0.22
199311,-2.7,-1.37,-2.53,-2.72,-0.89,-1.29,-2.21,-1.13,-0.46,-0.01,-1.89,-1.25,-0.74,0.25
199312,0.98,2.01,1.65,0.99,2.92,1.99,2.23,2.81,1.73,0.92,1.65,1.23,0.32,0.23
199401,5.28,3.83,4.11,2.87,2.56,2.43,2.42,2.99,3.2,3,2.87,0.34,1.15,0.25
199402,-4.58,-1.62,-3.26,-3.38,-3.28,-2.9,-2.54,-1.17,-3.29,0.5,-2.55,2.8,-1.54,0.21
199403,-5.41,-3.82,-4.05,-3.69,-4.86,-4.69,-3.42,-4.11,-4.58,-6.19,-4.78,-1.08,1.6,0.27
199404,1.51,1.23,2.38,1.54,1.7,0.69,0.83,0.26,1.37,-0.45,0.68,-0.93,1.66,0.27
199405,0.75,2.46,1.03,0.28,0.22,-1.42,2.65,1.75,0.57,0.86,0.58,-2.15,0.67,0.31
199406,-4.68,-1.97,-2.68,0.51,-2.42,-2.62,-2.4,-3.73,-3.27,-3.93,-3.03,-0.41,1.67,0.31
199407,2.77,3.33,3.51,3.85,2.82,2.55,1.81,4.13,4.32,1.94,2.82,-1.81,0.58,0.28
199408,5.38,6.48,2.41,4.23,2.83,3.16,4.5,4.07,3.42,8.78,4.01,1.45,-2.51,0.37
199409,0.33,-0.5,-3.22,-1.62,-2.31,-1.28,-1.42,-3.44,-3.25,-1.44,-2.31,3.14,-1.89,0.37
199410,-0.81,1.83,1.9,2.2,0.41,2.38,2.33,0.91,3.16,1.78,1.34,-2.24,-1.62,0.38
199411,-3.5,-4.84,-4.32,-3.36,-4.81,-2.05,-2.21,-3.68,-3.83,-3.12,-4.04,0.25,-0.7,0.37
199412,1.71,1.74,0.86,0.94,1.83,1.49,2.02,0.74,1.79,0.64,0.86,0.22,-0.13,0.44
199501,2.3,-0.21,1.88,3.29,1.71,2.31,2.21,3.73,2.73,1.87,1.8,-3.5,2.57,0.42
199502,4.59,4.61,4.51,3.39,3.64,4.77,2.92,2.96,5.23,4.1,3.63,-0.66,1.08,0.4
199503,1.68,5.06,3.93,2.2,2.18,1.43,2.32,1.69,1.92,3.84,2.19,-0.16,-2.15,0.46
199504,1.65,4.93,2.36,3.6,1.76,2.68,2.74,2.38,1.66,2.54,2.11,-0.49,1.71,0.44
199505,4.01,1.61,4.1,3.79,2.09,3.64,4.56,3.3,4.09,3.56,2.9,-2.55,2.29,0.54
199506,3.46,2.81,-0.06,1.53,2.63,2.68,1.37,4.13,4.63,6.69,2.72,3.18,-2.54,0.47
199507,4.51,2.28,4.04,0.83,3.9,4.19,2.95,4.96,4.58,7.6,3.72,2.07,-1.62,0.45
199508,2.02,1.44,1.34,0.85,-0.35,0.99,2.21,1.2,0.02,1.26,0.55,1.35,2.79,0.47
199509,4.89,2.56,3.48,5.23,3.38,4.82,2.91,3.33,4.3,3.38,3.35,-2.2,-0.04,0.43
199510,-1.26,-2.78,-0.73,-0.69,1.15,-0.09,-2.86,-1.95,-1.61,-1.01,-1.52,-3.78,-0.5,0.47
199511,4.84,5.61,4.48,4.75,5.52,5.5,5.29,4.6,2.83,1.54,3.96,-1.09,0.51,0.42
199512,5.98,3.09,1.14,2.07,3.23,2.23,1.6,0.99,-1.5,-1.19,1.03,0.7,0.22,0.49
199601,3.49,3.03,4.84,2.47,2.06,3.57,2.94,2.85,2.4,0.8,2.26,-2.73,0.38,0.43
199602,-0.2,1.3,2.11,0.82,0.99,0.65,1.66,4.11,1.54,3.92,1.33,1.79,-1.08,0.39
199603,0.97,1.02,0.48,1.55,1.77,0.11,1.65,1.55,0.59,1.3,0.73,1.49,0.35,0.39
199604,3.87,2.2,0.24,0.9,1.44,0.13,1.6,1.67,4.17,6.06,2.06,5.23,-4.02,0.46
199605,3.6,0.98,1.08,2.22,2.21,1.94,3.09,4,4.12,2.96,2.36,3.17,-0.83,0.42
199606,0.16,0.15,-0.17,1.21,1.19,-0.02,-2.33,-0.15,-1.13,-3.43,-1.14,-4.01,2.35,0.4
199607,-5.92,-4,-3.93,-4.68,-4.02,-3.65,-6.05,-5.05,-4.54,-10.2,-5.97,-4.31,5.14,0.45
199608,1.22,3.42,0.65,1.48,4.18,2.79,2.85,4.39,3.4,5.12,2.77,2.44,-0.74,0.41
199609,2.53,5.31,3.57,3.56,4.78,4.14,5.23,5.91,8.01,7.3,5.01,-0.98,-2.72,0.44
199610,2.07,2.28,3.55,3.17,2.66,3.37,0.7,0.89,0.34,-2.1,0.86,-4.44,4.94,0.42
199611,5.02,7.71,5.8,5.96,5.76,7.77,7.39,5.15,9.71,6.86,6.25,-4.02,1.39,0.41
199612,1.04,-2.26,1.2,-0.15,-0.92,-1.67,-1.34,-3.02,-0.52,-3.01,-1.7,3.16,1.31,0.46
199701,4.65,6.28,4.32,5.11,6.9,4.93,4.52,4.87,8.94,3.93,4.99,-1.95,-1.42,0.45
199702,1.64,-0.8,1.84,-0.38,2.69,2.57,0.65,1.38,-2.74,-3.4,-0.49,-3.22,5.67,0.39
199703,-4.97,-4.22,-3.03,-1.45,-5.76,-4.32,-5.55,-3.67,-4.47,-7.13,-5.03,-0.36,3.39,0.43
199704,2.22,5.66,1.49,2.83,6.57,5.28,7.24,4.85,8.52,0.63,4.04,-5.77,0.07,0.43
199705,5.28,6.42,6.36,5.95,7.64,5.41,5.27,7.77,6.67,12,6.74,5.19,-4.13,0.49
199706,4.66,4.43,4.09,4.21,4.45,6.22,3.3,5.51,2.69,3.52,4.1,1.22,1.58,0.37
199707,6.17,6.16,6.5,6.67,4.51,8.09,8.23,7.41,13.58,8.19,7.33,-2.74,0.26,0.43
199708,-0.07,-4.7,-4.47,-3.72,-5.55,-4.09,-4.83,-4.86,-2.17,-2.24,-4.15,7.28,1.18,0.41
199709,5.71,6.09,5.4,5.86,5.37,5.35,5.35,7.03,4.76,7.13,5.35,2.53,0.37,0.44
199710,-1.77,-3.87,-3.66,-3.6,-2.02,-2.44,-1.39,-4.69,-6.05,-3.02,-3.8,-0.73,2.27,0.42
199711,4.39,4,4.23,3.89,4.84,2.17,4.94,5.51,2.61,-0.2,2.98,-5.12,1.2,0.39
199712,1.35,3.87,3.66,2.61,1.85,3.7,2.45,1.07,-2.76,1.54,1.32,-2.48,3.84,0.48
199801,0.29,1.78,-1.5,-1.11,0.56,-0.87,1.44,1.69,4.18,0.36,0.15,-1.07,-1.63,0.43
199802,5.28,4.51,6.12,6.1,5.17,9.2,10.1,5.63,11.19,7.93,7.04,0.32,-0.85,0.39
199803,5.48,5.72,2.4,5.79,5.99,6.12,5.92,6.58,3.08,5.43,4.76,-1.14,1.39,0.39
199804,-0.96,-1.81,1.92,0.04,-0.31,1.25,3.35,0.76,2.23,2.85,0.73,0.07,0.94,0.43
199805,-1.57,-0.24,-1.88,-1.27,-1.25,-1.62,-2.27,-2.91,-3.96,-5.38,-3.07,-3.38,3.44,0.4
199806,-2.75,3.57,3.06,0.17,3.32,4.38,4.29,4.48,7.97,3.93,3.18,-3.21,-1.96,0.41
199807,-2.27,-3.89,-0.84,-0.98,-2.37,-0.54,-5.07,-2.49,-0.77,-3.83,-2.46,-4.91,-1.78,0.4
199808,-17.2,-11.19,-10.07,-15.39,-12.74,-16.46,-15.71,-16.54,-17.95,-21.65,-16.08,-5.69,3.53,0.43
199809,9.52,6.59,6.2,1.34,7.48,4.45,6.11,8.52,10.55,7.19,6.15,0.09,-3.42,0.46
199810,7.51,4.68,7.83,10.64,6.98,8.77,8.2,7.99,4.4,6.25,7.13,-3.12,-2.23,0.32
199811,8.56,5.6,6.02,5.1,4.85,4.71,6.46,10.32,8.64,5.59,6.1,1.23,-3.25,0.31
199812,8.71,2.44,2.84,8.38,3.84,6.48,6.44,9.22,9.32,7.07,6.16,-0.5,-4.19,0.38
199901,4.23,-1.45,-2.44,4.39,-0.18,0.14,2.88,6.71,14.19,5.92,3.5,0.75,-4.6,0.35
199902,-1.55,-1.89,-3.38,-3.16,1.03,-0.54,-3.54,-5.47,-9.83,-5.82,-4.08,-6.08,1.92,0.35
199903,10.5,1.56,2.62,2.88,0.91,3.21,3.41,4.03,6.83,2,3.45,-3.8,-2.74,0.43
199904,1.58,11.13,6.65,1.38,4.1,4.52,6.87,2.67,-0.76,11.82,4.33,3.91,2.46,0.37
199905,-4.09,-1.26,1.45,-1.46,-1.92,-3.08,2.23,-3.51,-2.27,-3.94,-2.46,3.34,2.35,0.34
199906,2.46,2.13,2.82,2.88,3.75,5.92,5.51,7.65,9.23,6.92,4.77,3.1,-3.19,0.4
199907,-1.81,0.05,-4.76,-2.05,0.71,-2.47,-3.42,-3.43,-3.1,-7.59,-3.49,2.6,-0.44,0.38
199908,-3.48,-1.47,-3.21,-1.84,0.28,0.52,0.05,-1.58,1.55,-2.69,-1.38,-0.94,-1.87,0.39
199909,-2.22,-3.41,-3.85,-1.39,-5.22,-6.34,1.26,-0.31,-4.06,-0.65,-2.79,3.41,-3.49,0.39
199910,7.63,0.58,6.34,3.33,-0.31,5.74,11.19,9.47,4.21,11.48,6.12,-6.64,-3.37,0.39
199911,0.55,1.89,1.21,2.86,2.3,6.15,0.17,5.26,3.11,5.56,3.37,7.21,-6.12,0.36
199912,8.65,2.79,-1.65,5.61,0.77,5.01,10.43,7.62,17.02,10.49,7.72,7.03,-8.33,0.44
200001,-2.56,-1.26,-1.14,-2.07,1.47,-7.85,-7.6,-1.98,-9.13,-4.57,-4.74,5.77,-1.88,0.41
200002,8.97,-2.66,-7.15,1.81,1.69,-1.64,-3.89,6.13,4.86,7.2,2.45,21.36,-9.59,0.43
200003,2.66,7.29,13.16,7.12,9.06,2.15,11.97,4.1,10.91,5.8,5.2,-17.2,8.13,0.47
200004,-6.25,0.47,-3.72,-3.06,-0.37,-0.32,0.98,0.71,-15.78,-9.91,-6.4,-6.68,7.26,0.46
200005,-4.42,1.94,-5.46,-2.4,-0.28,-2.97,1.2,-4.22,-6.18,-6.94,-4.42,-6.05,4.75,0.5
200006,6.99,-1.25,0.19,-2.37,5.13,-0.43,2.37,9.19,11.33,4.84,4.64,12.84,-8.42,0.4
200007,-1.84,-0.91,2.74,1.73,-1.16,-1.54,-2.03,-3.39,-3.13,-3.26,-2.51,-3.07,8.31,0.48
200008,7.02,7.11,7.77,5.24,6.28,2.36,5.96,8.57,10.66,9.27,7.03,-0.61,-1.39,0.5
200009,0.13,-4.69,2.24,-3.38,-1.85,0.72,0.62,0.16,-17.11,-7.53,-5.45,-1.82,7.17,0.51
200010,-1.96,0.98,3.28,-0.1,-1.09,1.03,0.91,-1.99,-2.87,-6.31,-2.76,-3.88,5.71,0.56
200011,-8.47,-3.26,0.34,-2.58,-5.8,0.14,-6.09,-7.22,-13.84,-19.57,-10.72,-3.41,12.3,0.51
200012,5.66,7.27,7,3.85,6.97,3.83,3.49,6.2,-0.03,-6.44,1.19,0.73,7.61,0.5
200101,-0.17,2.32,-3.17,6.01,1.61,1.41,-1.77,2.5,4.21,10.57,3.13,6.68,-5.07,0.54
200102,-3.42,-2.61,-0.61,-3.74,-4.96,-2.82,-4.32,-8.98,-15.98,-19.57,-10.05,-0.78,12.47,0.38
200103,-4.11,-3.77,-4.76,-3.02,-3.29,-4.76,-7.12,-6.36,-5.82,-12.48,-7.26,0.25,6.42,0.42
200104,6.88,6.2,3.85,8.27,2.98,5.16,8.02,6.61,9.67,13.94,7.94,0.55,-4.67,0.39
200105,3.46,3.78,2.5,2.42,2.53,2.13,0.38,2.61,-3.72,0.35,0.72,2.5,3.36,0.32
200106,0.23,-2.77,-2.71,-1.74,-0.7,-3.68,-3.11,-0.57,-0.52,-0.37,-1.94,6.24,-1.12,0.28
200107,-0.8,-3.83,-0.06,-0.93,1.28,-1.09,2.59,0.46,-1.9,-6.03,-2.13,-4.19,5.21,0.3
200108,-3.17,-1.48,-2.71,-3.31,-3.18,-2.98,-3.94,-6.48,-7.72,-11.9,-6.46,2.48,2.31,0.31
200109,-8.24,-7.48,-10.76,-5.95,-4.72,-8.77,-4.32,-6.71,-10.92,-13.73,-9.25,-6.23,1.45,0.28
200110,0.65,1.18,0.49,3.3,0.34,0.99,-0.43,-0.93,4.96,6.89,2.46,7.48,-7.65,0.22
200111,8.07,7.9,9.23,3.7,4.77,9.24,6.13,6.48,9.77,9.96,7.54,-0.47,2.21,0.17
200112,4.14,0.47,3.86,2.45,3.99,2.57,-0.4,2.9,3.14,-1.35,1.6,4.74,0.84,0.15
200201,2.77,-2.28,1.29,-2.22,1.22,-0.88,-1.92,0.54,-0.62,-3.06,-1.44,1.19,3.44,0.14
200202,-1.71,-0.03,0.43,0.81,1.24,0.19,0.45,-2.32,-2.84,-7.97,-2.29,-1.01,2.16,0.13
200203,5.76,5.23,7.16,4.19,2.32,3.59,1.67,5.09,4.48,5.84,4.24,4.21,1.06,0.13
200204,-1.68,-2.53,-0.33,-6.3,2.36,-4.22,-2.46,-6,-7.32,-9.72,-5.2,5.96,3.88,0.15
200205,-1.18,0.24,0.41,0.8,-0.92,-1.37,-0.7,-0.1,-1.49,-4.22,-1.38,-3.21,1.53,0.14
200206,-6.32,-5.5,-3.69,-4.78,-7.13,-10.04,-5.79,-6.13,-5.78,-10.09,-7.21,4.29,-0.05,0.13
200207,-8.26,-9.52,-9.18,-6.38,-9.42,-5.79,-8.56,-6.55,-6.27,-11.35,-8.18,-5.28,-3.85,0.15
200208,1.92,-3.41,-1.16,2.29,-1.98,2.02,3.45,-0.07,1.56,0.86,0.5,-2.86,3.28,0.14
200209,-12.76,-13.15,-11.3,-9.43,-8.83,-12.38,-8.18,-10.78,-9.55,-8.96,-10.35,2.4,1.47,0.14
200210,10.91,8.4,9.15,7.56,11.02,4.69,5.9,10.37,6.62,7,7.84,-3.41,-3.95,0.14
200211,12.35,13.69,8.36,4.26,6.14,6.16,6.01,4.71,1.69,5.65,5.96,3.18,-1.23,0.12
200212,-10.01,-12.21,-4.15,-4.21,-4.56,-3.43,-5.71,-6.27,-3.71,-7.07,-5.76,0.09,2.14,0.11
200301,-2.72,-1.16,-1.88,-1.39,-3.36,-2.49,-3.09,-3.61,-2.26,-3.05,-2.57,1.33,-0.83,0.1
200302,-1.45,0.44,-3.75,-2.13,-3.29,-2.23,-1.72,-0.89,-0.81,-3.04,-1.88,-0.45,-1.39,0.09
200303,0.28,-1.48,0.65,1.52,0.14,-2.44,2.98,2.75,3.06,0.08,1.09,1.02,-1.93,0.1
200304,10.16,10.79,8.17,5.47,6.94,9.03,8.1,8.54,7.03,10.42,8.22,0.63,1.14,0.1
200305,14.17,9.88,6.92,5.21,5.18,11.29,2.52,3.39,4.87,8.59,6.05,4.67,0.4,0.09
200306,0.2,-0.38,1.79,-1.04,0.96,2.81,2.89,3.09,-0.69,1.68,1.42,1.74,0.11,0.1
200307,3.38,3.82,3.12,1.8,1.31,2.59,2.6,3.39,0.25,2.97,2.35,5.06,-1.24,0.07
200308,6.9,4.71,2.87,5.28,3.14,1.7,1.87,0.46,1.48,2.34,2.34,2.59,1.53,0.07
200309,-3.95,-0.59,-1.44,-3.99,-1.08,-0.84,-0.57,-0.26,0.37,-2.05,-1.24,0.8,0.16,0.08
200310,7.85,8.26,7.67,9.24,5.83,4.94,5.37,5.39,5.37,7,6.08,2.7,1.97,0.07
200311,3.94,3.28,1.6,1.04,3.76,1.33,0.91,0.32,1.33,0.43,1.35,2.08,1.78,0.07
200312,3.95,5.56,5.61,4.91,2.6,5.35,3.28,5.42,3.83,3.5,4.29,-2.68,1.6,0.08
200401,5.9,4.36,2.7,-0.23,2.59,0.45,2.34,1.55,3.28,2.95,2.15,2.55,2.49,0.07
200402,-0.64,1.49,1.49,-0.74,2.31,2.35,2.2,1.5,1.31,1.5,1.4,-1.58,0.9,0.06
200403,-2.14,-1.92,-0.51,-2.33,-0.93,-0.8,-0.74,-2.31,-1.18,0.09,-1.32,1.72,0.27,0.09
200404,-6.04,-2.91,-1.45,-1.41,-1.15,-1.02,-3.17,0.14,-1.03,-2.96,-1.83,-1.68,-3.1,0.08
200405,2.63,2.66,0.27,1.27,-0.8,0.96,1.2,1.45,1.53,1.91,1.17,-0.2,-0.25,0.06
200406,1.83,1.52,2.52,1.93,2.92,1.65,1.31,2.44,2.25,1.04,1.86,2.26,1.18,0.08
200407,-8.21,-5.76,-3.66,-4.08,-3.13,-3.69,-3.31,-1.88,-3.05,-7.01,-4.06,-3.81,3.24,0.1
200408,-2.5,-1.83,-0.12,0.77,-1.21,0.53,1.45,0.75,0.82,0.26,0.08,-1.48,0.97,0.11
200409,-1.19,1.84,1.2,3.58,1.11,2.14,1,0.71,2.62,3.44,1.6,3.01,0,0.11
200410,2.88,3.14,1.68,3.37,1.25,0.6,1.83,1.83,1.04,-0.17,1.43,0.15,-0.22,0.11
200411,6.17,3.75,5.09,4.55,3.79,7.06,4.11,3.76,5.32,5.3,4.54,3.74,1.41,0.15
200412,4.15,4.56,2.22,3.98,3.92,3.44,3.55,2.96,4.23,3.41,3.43,-0.03,-0.22,0.16
200501,-6.17,-4.57,-2.35,-2.62,-2.72,-0.78,-1.69,-0.76,-1.96,-6.28,-2.76,-1.72,2.06,0.16
200502,2.82,1.48,1.54,1.81,3.52,3.22,0.79,2.76,1.59,1.3,1.89,-0.57,1.54,0.16
200503,-1.98,-0.52,-0.05,-1.5,-2.14,-0.85,-0.85,-3.35,-2.29,-1.39,-1.97,-1.4,2.04,0.21
200504,-2.93,-3.91,-2.32,-2.22,-3.37,-3.26,-0.49,-2.35,-2.71,-1.33,-2.61,-3.94,0.07,0.21
200505,4.68,5.81,3.19,4.24,4.02,3.42,2.2,2.69,4.48,6.12,3.65,2.89,-0.64,0.24
200506,1.92,1.29,-0.38,2.12,0,0.62,-0.21,0.21,2.35,0.71,0.57,2.58,2.83,0.23
200507,4.38,3.62,2.91,4.34,3.24,3.34,6.25,3.06,6.03,4.52,3.92,2.91,-0.79,0.24
200508,0.11,-2.01,-0.84,-1.7,-0.36,-2.24,0.23,0.1,-1.68,-1.71,-1.22,-0.97,1.32,0.3
200509,1.61,0.08,0.1,-0.5,-0.31,0.23,1.81,0.98,2.33,1.49,0.49,-0.65,0.71,0.29
200510,-3.75,-2.19,-2.91,-0.97,-2.02,-0.32,-4.11,-0.69,-2.38,0.41,-2.02,-1.25,0.42,0.27
200511,2.22,3.44,4.58,4.95,1.46,2.51,3.22,5.57,4.14,5.63,3.61,0.99,-1.16,0.31
200512,1.06,0.32,-1.06,-0.2,1.56,-0.1,-1.04,-0.3,0.32,0.58,-0.25,-0.42,0.2,0.32
200601,5.75,4.09,2.34,1.84,3.59,1.76,5.34,2.16,5.57,3.02,3.04,5.39,1.08,0.35
200602,0.81,1.14,1.12,0.14,1.56,1.02,-0.88,-0.53,-0.84,-1.01,-0.3,-0.38,-0.34,0.34
200603,2.24,2.85,1.03,2.06,0.41,0.93,2.21,2.38,1.95,2.39,1.46,3.44,0.6,0.37
200604,1.94,0.76,1.25,0.04,0.8,1.1,1.47,1.18,0.99,1.28,0.73,-1.42,2.34,0.36
200605,-1.65,-3.21,-2.6,-1.76,-2.03,-0.51,-2.64,-3.42,-5.83,-5.54,-3.57,-2.96,2.41,0.43
200606,1.06,-0.39,0.3,0.56,0.33,-0.63,0.1,-0.12,-0.01,0.79,-0.35,-0.39,0.85,0.4
200607,-1.37,0.77,-1.25,1.05,1.86,0.37,-0.97,-2.22,-0.83,-1.34,-0.78,-3.98,2.6,0.4
200608,4.45,5.73,2.76,2.44,2.65,3.47,0.2,1.13,1.88,0.65,2.03,1.03,-2.06,0.42
200609,3.54,2.46,2.78,2.36,1.1,1.59,2.13,2.84,1.97,2.16,1.84,-1.36,0.08,0.41
200610,3.12,3.47,4.34,2.76,4.76,3.38,2.71,2.09,3.51,5.15,3.23,1.75,-0.31,0.41
200611,1.48,2.81,0.44,0.82,2.9,1.12,2.3,1.59,3.08,4.64,1.71,0.7,0.14,0.42
200612,2.81,0.91,2.78,2.11,1.73,2.16,0.72,0.5,-0.04,-1.73,0.87,-1.14,2.73,0.4
200701,1,1.68,2.22,3.39,-0.12,1.95,2.31,1.56,2.8,2.48,1.4,0.13,-0.68,0.44
200702,-2.09,-1.49,-3.16,-1.58,-1.82,-1.46,-0.69,-1.03,-0.57,-1.16,-1.96,1.19,-0.14,0.38
200703,0.59,0.92,0.09,0.84,2.14,-0.01,-0.26,1.46,2.1,2.65,0.68,0.16,-0.97,0.43
200704,5.01,5.59,4.71,3.2,4.94,3.56,3.67,3.3,2.5,3.83,3.49,-2.16,-1.45,0.44
200705,3.44,3.44,2.2,4.24,3.41,2.23,3.85,3.08,4.87,5.69,3.24,0.24,-0.65,0.41
200706,-0.44,-2.27,-1.73,-3.06,-1.89,-1.54,-2.1,-1,-2.09,-0.72,-1.96,0.74,-1.05,0.4
200707,-4.48,-3.52,-3.93,-2.4,-1.91,-4.63,-3.33,-5.06,-3.77,-1.79,-3.73,-2.61,-3.71,0.4
200708,-0.8,1.42,2.47,0.08,1.97,1.24,1.64,0.28,2.27,1.81,0.92,-0.12,-1.86,0.42
200709,2.82,2.43,0.84,4.93,4.26,2.35,3.37,3.1,3.52,6.21,3.22,-2.23,-2.21,0.32
200710,-0.43,1.71,5.03,1.33,1.69,0.63,3.51,1.22,0.39,4.24,1.8,0.08,-2.98,0.32
200711,-5.55,-2.8,-6.59,-3.56,-3.01,-2.76,-5.16,-3.71,-5.56,-5.66,-4.83,-2.93,-0.94,0.34
200712,-2.16,-1.89,-0.13,-1.17,0.63,-1.08,-2.62,0.11,-1.91,1.8,-0.87,0.13,-0.55,0.27
200801,-5.59,-3.86,-7.76,-4.69,-7.2,-6.06,-2.2,-4.63,-5.05,-10.27,-6.36,-1.03,3.97,0.21
200802,-1.32,-1.68,-7.57,-2.6,0.56,-2.73,-3.9,-4.73,-1.28,-4.27,-3.09,-0.43,-0.84,0.13
200803,-2.74,-0.38,-1.54,1.98,-1.33,-0.56,-0.33,-1.03,-2.25,0.59,-0.93,0.71,0.3,0.17
200804,3.65,2.09,3,0.27,6.94,3.5,5.11,6.79,5.46,6.91,4.6,-1.72,-0.94,0.18
200805,3.06,3.58,2.48,0.02,0.93,4.63,0.37,-0.51,2.08,4.18,1.86,2.96,-1.43,0.18
200806,-9.12,-8.22,-7.97,-8.92,-5.03,-9.83,-10.7,-8.22,-8.73,-8.37,-8.44,1.23,-2.71,0.17
200807,-4.54,1.03,1.15,1.84,0.85,-1.4,-3.52,4.05,0.76,-5.12,-0.77,2.61,5.42,0.15
200808,3.92,2.76,2.63,2.03,1.86,1.63,1.07,1.74,1.06,-0.45,1.53,3.6,1.59,0.13
200809,-8.47,-11.8,-7.78,-9.19,-9.77,-6.1,-10.11,-4.09,-11.87,-15.04,-9.24,-1.23,5.91,0.15
200810,-19.81,-19.43,-13.12,-15.47,-18.48,-15.7,-16.17,-17.75,-17.78,-19.24,-17.23,-2.6,-2.3,0.08
200811,-10.75,-10.94,-2.84,-6.32,-8.15,-7.4,-3.12,-11.43,-9.71,-10.15,-7.86,-2.85,-6.31,0.03
200812,-1.95,3.82,2.58,2.44,4.94,1.14,0.54,0.54,3.41,2.57,1.74,3.46,0.14,0
200901,-5.81,-9.66,-9.96,-6.82,-8.12,-9.46,-8.39,-10.15,-6.65,-2.88,-8.12,0.07,-11.29,0
200902,-8.32,-9.16,-10.16,-12.86,-10.42,-10.67,-11.98,-11.1,-5.54,-6.79,-10.1,0.05,-6.95,0.01
200903,10.06,8.94,6.1,7.59,7.73,7.71,7.76,11.2,10.43,11.2,8.95,0.03,3.47,0.02
200904,12.45,15.37,7.35,8.48,13.51,6.65,8.18,11,11.31,11.92,10.18,5.4,5.36,0.01
200905,4.66,5.03,4.82,1.77,4.43,3.5,4.64,6.49,6.02,7.36,5.21,-2.52,0.28,0
200906,4.86,-0.43,0.39,2.89,-0.02,-0.69,-1.29,0.31,0.96,0.57,0.43,2.63,-2.73,0.01
200907,11.94,10.1,7.2,7.06,8.61,7.95,7.04,8.73,5.69,7.53,7.72,1.87,4.83,0.01
200908,5.33,7.55,2.68,3.94,2.65,2.19,2.98,2.36,3.36,3.15,3.33,-1.08,7.63,0.01
200909,6.74,4.23,2.57,2.04,8.19,4.81,1.5,4.32,5.64,5.02,4.08,2.43,1.05,0.01
200910,-5.09,-3.39,-1.41,-1.38,-4.85,-1.7,-2.32,-2.8,-1.63,-2.1,-2.59,-4.35,-4.21,0
200911,4.46,4.42,5.52,5.43,7.01,5.84,6.65,4.29,4.95,5.56,5.56,-2.4,-0.34,0
200912,5.16,2.66,0.51,2.72,2.72,3.07,1.13,4.15,3.1,4.93,2.75,6.05,-0.17,0.01
201001,-5.58,-4.89,-3.72,0.25,-1.76,-3.03,-2.43,-3.59,-2.91,-6.45,-3.36,0.4,0.43,0
201002,4.67,4.34,3.6,1.54,4.16,3.64,3,4.26,2.99,3.34,3.4,1.19,3.23,0
201003,7.09,8.46,6.53,4.33,7.77,5.66,5.09,5.81,4.55,7.86,6.31,1.48,2.21,0.01
201004,1.32,5.79,1.99,0.73,2.05,1.75,1.21,3.28,2.29,1.37,2,4.87,2.89,0.01
201005,-7.37,-7.84,-7.47,-6.67,-8.45,-6.8,-7.09,-8.03,-10.12,-8.36,-7.89,0.09,-2.44,0.01
201006,-9.47,-7.5,-6.17,-1.11,-6.04,-3.72,-4.26,-5.96,-7.14,-6.78,-5.57,-1.82,-4.7,0.01
201007,6.7,9.44,6.48,8.76,8.19,6.96,7.34,7.74,5.41,5.56,6.93,0.2,-0.31,0.01
201008,-6.61,-6.78,-5.82,-9.14,-5.94,-3.42,-3.92,-4.24,-2.94,-3.98,-4.77,-3,-1.9,0.01
201009,11.63,11.65,7.45,9.08,9.98,7.78,9.84,8.17,10.36,10.96,9.54,3.96,-3.16,0.01
201010,4.02,4.89,2.93,5.46,4.26,3.45,3.94,4.07,2.8,3.88,3.88,1.14,-2.43,0.01
201011,2.13,3.79,-0.12,2.28,0.11,1.97,1.31,0.06,0.39,-0.9,0.6,3.77,-0.96,0.01
201012,10.85,8.99,8.29,9.48,7.38,5.94,5.81,6.77,5.03,5.71,6.82,0.73,3.7,0.01
201101,1.31,2.43,1.95,2.52,3.9,3.53,0.76,1.19,1.86,1.21,1.99,-2.5,0.83,0.01
201102,7.4,3.63,2.84,2.71,2.12,4.78,4.07,3.17,4.53,2.93,3.49,1.53,1.27,0.01
201103,0.59,0.94,0.26,0.07,0.74,1.2,0.85,-0.04,0.58,0.32,0.46,2.54,-1.83,0.01
201104,1.59,2.25,3.35,0.71,3.71,3.34,3.91,3.53,3.87,1.86,2.9,-0.38,-2.43,0
201105,-2.75,-3.09,-1.38,-2.76,-1.14,-1.67,-0.72,-1.16,0.14,-1.05,-1.27,-0.59,-2.12,0
201106,-3.14,-3.75,-2.57,-1.86,-1.16,-1.44,-1.73,-0.08,-1.48,-2.46,-1.75,-0.12,-0.42,0
201107,-5.03,-4.01,-3.6,-2.65,-2.75,-2.93,-3.14,-1.97,-2.47,0.61,-2.35,-1.26,-0.9,0
201108,-9.18,-5.04,-4.73,-6.2,-5.93,-4.69,-6.74,-5.58,-7.19,-5.87,-5.99,-3.05,-2.36,0.01
201109,-11.25,-4.8,-5.51,-9.64,-7.08,-8.39,-7.78,-9.34,-7.5,-6.35,-7.59,-3.31,-1.72,0
201110,11.75,9.31,9.49,12.83,10.93,12.85,10.7,12.47,14.59,9.69,11.35,3.28,0.1,0
201111,-0.92,0.28,0.85,0.31,-0.63,0.3,0.26,0.01,-0.36,-1.26,-0.28,-0.16,-0.46,0
201112,1.7,4.18,1.52,1.51,0.86,0.95,1.03,0.76,-2.26,-0.37,0.74,-0.59,1.63,0
201201,6.52,2.13,3.17,3.91,5.35,5.35,5.6,5.78,6.99,5.47,5.05,2.04,-0.97,0
201202,4.12,4.28,3.69,6.02,3.13,3.9,1.77,4.44,5.09,5.61,4.42,-1.85,0.43,0
201203,4.66,3.22,2.85,3.84,4.72,1.48,2.01,1.97,2.74,3.55,3.11,-0.64,1.14,0
201204,0.14,-0.86,0.78,-1.33,-1.96,-1.16,-0.24,-0.7,-0.5,-0.94,-0.85,-0.42,-0.78,0
201205,-6,-3.62,-3.38,-5.55,-6.43,-6.46,-4.92,-7.53,-9.2,-6.34,-6.19,0.07,-1.07,0.01
201206,4.71,4.86,4.06,4.77,3.83,3.2,3.22,2.98,3.31,4.29,3.89,0.67,0.62,0
201207,-0.34,-0.05,2.17,0.03,0.8,0.55,1.81,0.75,0.85,0.59,0.79,-2.74,-0.02,0
201208,5.69,3.74,0.06,1.83,1.42,1.76,1.18,2.38,3.75,5.6,2.55,0.47,1.3,0.01
201209,2.79,5.59,2.76,3.61,1.97,2.75,3.06,1.49,2.02,2.08,2.73,0.5,1.6,0.01
201210,0.14,0.39,-1.42,-1.74,-0.85,-0.48,0.05,-2.87,-3.47,-5.41,-1.76,-1.15,3.59,0.01
201211,0.52,1.31,1.31,1.19,0.51,-0.19,-0.06,0.71,1.29,1.34,0.78,0.63,-0.84,0.01
201212,2.93,3.06,0.4,0.94,2.59,0.65,0.07,2.16,1.89,-1.43,1.18,1.48,3.51,0.01
201301,7.72,6.5,6.48,7.32,5.64,5.29,5.77,6.31,6.68,-0.2,5.57,0.33,0.96,0
201302,0.5,1.82,1.86,1.22,2.34,1.92,1.43,0.79,0.6,0.27,1.29,-0.27,0.11,0
201303,3.92,4.92,5.34,4.57,5.64,4.18,3.73,4.2,1.93,2.64,4.03,0.81,-0.19,0
201304,1.48,1.11,2.21,0.99,2.62,2.11,0.52,1.67,2.31,0.53,1.55,-2.37,0.45,0
201305,5.26,3.83,0.07,1.49,2.84,2.91,1.62,3.72,4.23,3.08,2.8,1.7,2.63,0
201306,-1.68,-1.67,-1.2,-2.81,-0.03,-0.26,0.01,-1.1,-1.8,-3.1,-1.2,1.33,0.03,0
201307,6.86,5.12,5.11,5.52,6.42,5.06,4.15,3.85,6.81,8.26,5.65,1.87,0.57,0
201308,-1.78,-3.43,-3.32,-3.54,-4.9,-4.18,-3.59,-1.41,-1.29,0,-2.71,0.27,-2.69,0
201309,4.1,3.1,2.87,3.68,3.3,3.03,3.37,3.79,5.26,5.08,3.77,2.88,-1.22,0
201310,4.72,5.77,4.07,3.19,3.27,4.61,3.91,3.87,3.64,5.11,4.18,-1.53,1.25,0
201311,2.08,2.38,3.52,3.38,5.04,2.29,2.08,3.42,3.36,2.79,3.13,1.29,0.32,0
201312,2.44,2.4,3.21,2.08,2.99,1.32,3.41,2.06,3.22,3.45,2.81,-0.46,-0.02,0
201401,-3.72,-5.57,-4.07,-3.65,-2.14,-3.83,-3.66,-3.34,-3.18,-1.59,-3.32,0.89,-2.07,0
201402,4.8,4.01,4.6,5.35,2.53,4.39,5.11,4.48,5.41,5.55,4.65,0.35,-0.31,0
201403,1.2,1.24,0.87,0.68,2.12,2.41,2.62,1.21,-1.46,-3.47,0.43,-1.81,4.93,0
201404,-0.57,0.82,1.32,0.49,-1.86,1.4,1.21,-1.14,-0.5,-0.81,-0.19,-4.19,1.17,0
201405,3.45,1.19,0.11,1.48,1.74,1.41,1.66,2.88,2.16,4.38,2.06,-1.88,-0.13,0
201406,3.93,0.9,1.19,1.62,2.46,0.78,2.47,3.03,4.68,4.03,2.61,3.09,-0.7,0
201407,-2.85,-2.82,-2.24,-2.59,-2.54,-1.83,-1.96,-2.11,0.66,-4.15,-2.04,-4.29,0.03,0
201408,3.84,3.76,4.43,4.39,3.07,4.42,3.7,4.82,4.56,5.52,4.24,0.4,-0.45,0
201409,-2.43,-1.57,-2,-2.14,-1.6,-1.92,-1.7,-1.92,-1.35,-3.76,-1.97,-3.71,-1.34,0
201410,3.67,2.67,2.94,3.24,2.59,1.26,2.51,2.46,2.53,2.22,2.52,4.21,-1.81,0
201411,3.69,2.23,3.72,0.89,1.39,2.97,1.91,3.38,3.98,0.31,2.55,-2.06,-3.09,0
201412,0.62,0.34,1.2,0.53,0.53,0.48,0.37,0.2,-2.79,-0.52,-0.06,2.49,2.27,0
201501,-2.54,-6.55,-2.64,-2.36,-3.51,-3.17,-4.4,-3.55,-0.62,-2.08,-3.11,-0.56,-3.58,0
201502,7.11,6.63,4.77,5.35,5.3,4.99,5.34,6.43,7.09,10.06,6.13,0.63,-1.86,0
201503,-1.34,-1.98,-0.64,-1.71,-1.26,-1.8,-0.51,-0.52,-1.66,-0.1,-1.12,3.04,-0.37,0
201504,-0.03,2.31,-0.94,0.96,0.37,-0.34,0.93,-0.23,2.12,0.9,0.59,-3.06,1.82,0
201505,2.5,1.7,0.8,1.4,1.64,1.14,0.98,0.79,1.08,2.75,1.36,0.93,-1.14,0
201506,-2.47,-1.15,-2.53,-0.93,-0.96,-2.25,-1.64,-1.44,-1.55,-0.19,-1.53,2.91,-0.79,0
201507,0.6,0.66,1.43,0.6,1.79,0.98,3.36,-0.65,4.2,3.64,1.54,-4.17,-4.13,0
201508,-4.81,-7.29,-5.82,-5.58,-6.72,-5.92,-5.6,-5.81,-5.73,-6.94,-6.04,0.33,2.77,0
201509,-3.75,-4.09,-2.33,-2.65,-2.09,-1.76,-1.93,-3.9,-3.1,-5.06,-3.07,-2.62,0.56,0
201510,9.53,7.36,9.93,6.93,7.09,6.3,6.37,6.01,10.48,8.96,7.75,-1.88,-0.46,0
201511,-0.14,0.17,0.76,0.71,-0.75,0.16,0.72,0.5,1.65,2.11,0.56,3.6,-0.42,0
201512,-1.99,-2.26,-1.62,-1.85,-0.99,-1.29,-2.13,-6.01,-0.91,-2.46,-2.17,-2.84,-2.61,0.01
201601,-2.69,-5.08,-5.5,-4.68,-6.12,-4.92,-4.44,-6.58,-5.99,-11.4,-5.77,-3.42,2.09,0.01
201602,1.02,-0.57,1.14,1.03,1.39,0.56,0.95,-0.71,-3.52,-1.96,-0.07,0.73,-0.57,0.02
201603,6.89,7.96,6.66,6.28,5.85,6.58,6.76,8.68,7.01,7.23,6.96,0.82,1.19,0.02
201604,1.67,0.83,1.78,1.89,1.02,2.05,1.12,-2.93,-2.31,3.25,0.91,0.76,3.28,0.01
201605,0.24,0.75,0.63,2.24,0.42,1.98,0.46,3.35,3.82,3.42,1.78,-0.17,-1.66,0.01
201606,2.52,0.01,1.67,1.47,-1.06,1.21,0.45,-1.87,-4.13,-1.81,-0.05,0.61,-1.48,0.02
201607,2.17,3.8,3.78,1.65,3.2,5.14,2.42,4.32,6.64,4.72,3.95,2.49,-1.32,0.02
201608,1.54,1.33,-1.4,0.73,-0.57,0.97,1.16,0.77,1.21,-0.16,0.49,1.15,3.18,0.02
201609,0.95,1.13,-0.32,-0.37,-0.05,-0.07,-1.57,0.72,1.13,1.49,0.25,2.12,-1.24,0.02
201610,-3.62,-0.95,-2.05,-2.01,-1.5,-1.62,-0.73,-2.5,-1.93,-3.03,-2.02,-4.4,4.09,0.02
201611,8.33,7.22,5.67,5.07,5.52,5.52,6.44,4.95,1.1,2.82,4.86,5.71,8.21,0.01
201612,0.83,1.7,2.21,2.47,2.52,2.19,2.82,1.39,0.07,1.8,1.81,0.1,3.53,0.03
201701,-0.27,1.83,0.94,0.37,-0.21,2.18,1.27,2.42,5.67,3.13,1.94,-1.19,-2.75,0.04
201702,0.16,4.01,4.05,3.08,4.18,4.47,3.66,3.04,3.02,4.79,3.57,-2.05,-1.67,0.04
201703,0.32,-0.43,-0.95,0.76,-0.59,-0.43,-0.82,0.32,1.89,1.16,0.17,1.14,-3.35,0.03
201704,-2.06,0.02,1.32,0.78,1.03,1.14,0.5,0.93,3.71,1.3,1.09,0.73,-2.13,0.05
201705,-3.07,-1.02,1.25,0.81,1.19,1.37,1.25,0.81,3.53,1.44,1.06,-2.57,-3.78,0.06
201706,0.17,1.95,2.08,1.06,1.28,1.26,0.67,0.48,-0.22,0.42,0.78,2.25,1.48,0.06
201707,0.65,1.45,3.68,2.04,0.78,1.74,0.5,2.41,2.58,2.83,1.87,-1.51,-0.31,0.07
201708,-1.31,-0.6,-0.91,-1.98,-0.32,-0.61,0.25,2.6,1.53,0.66,0.16,-1.67,-2.09,0.09
201709,3.55,5.14,4.58,3,3.78,3.06,2.64,0.3,2.8,1.55,2.51,4.47,3.14,0.09
201710,-2.85,-0.63,1.24,1.36,1.01,0.23,2.53,4.56,4.02,4.31,2.25,-1.94,0.2,0.09
201711,1.28,2.27,4.33,4.39,3.27,4.9,4.56,2.81,2.16,1.98,3.12,-0.55,-0.03,0.08
201712,1.87,1.38,2.72,2.11,1.16,0.05,1.23,0.63,0.77,0.82,1.06,-1.32,0.06,0.09
201801,2.51,5.69,5.48,4.55,5.49,3.96,3.87,4.93,7.99,9.64,5.57,-3.13,-1.29,0.12
201802,-6.38,-4.83,-4.51,-7.23,-3.32,-3.48,-3.31,-1.78,-3.13,-1.62,-3.65,0.25,-1.04,0.11
201803,-1.67,1.06,-2.1,-1.22,-3.01,-1.98,-1.81,-2.64,-1.99,-3.5,-2.35,4.06,-0.21,0.11
201804,4.51,2.94,0.87,-0.01,-0.75,-0.34,-0.24,-0.16,-0.74,2.46,0.28,1.13,0.54,0.14
201805,0.98,2.57,1.87,1.8,1.37,1.68,-0.3,5.34,4.52,4.15,2.65,5.25,-3.2,0.14
201806,0.72,0.98,0.23,2.29,-0.73,-0.5,0.83,-0.07,-0.09,2.11,0.48,1.14,-2.34,0.14
201807,3.46,1.9,4.54,4.59,5.12,2.77,1.9,4.88,5.06,-0.01,3.19,-2.22,0.47,0.16
201808,4.09,-0.1,1.6,0.47,0.89,3.7,2.72,4.02,6.87,7.04,3.44,1.14,-3.94,0.16
201809,1.64,1.04,0.73,0.09,-1.1,1.33,0.54,0.53,0.06,-1.44,0.06,-2.27,-1.7,0.15
201810,-6.6,-4.81,-4.53,-6.92,-4.97,-7.63,-6.36,-6.09,-6.93,-14.73,-7.68,-4.78,3.4,0.19
201811,2.2,1.28,2.52,2.87,2.07,2.86,3.23,4.87,-2.61,1.37,1.69,-0.68,0.3,0.18
201812,-10.25,-8.88,-8.45,-10.59,-9.82,-9.44,-8.29,-9.62,-8.95,-10.08,-9.57,-2.38,-1.84,0.2
201901,8.32,7.64,5.91,9.47,9.68,6.85,8.19,7.41,7.13,14.07,8.4,2.9,-0.46,0.21
201902,5.05,4.07,2.01,4.24,2.93,4.87,4.03,2.17,5.08,2.17,3.4,2.05,-2.67,0.18
201903,0.08,2.37,-0.58,-1.31,-1.76,1.48,1.11,0.73,4.37,2.75,1.1,-3.05,-4.17,0.19
201904,0.64,0.88,3.76,4.94,7.38,2.72,3.35,2.95,5.35,6.15,3.97,-1.74,2.15,0.21
201905,-5.63,-5.52,-4.43,-7.66,-6.95,-5.94,-5.16,-6.34,-7.83,-8.72,-6.94,-1.32,-2.37,0.21
201906,6.99,6.76,7.2,7.43,6.65,6.59,6.62,6.8,7.81,7.44,6.93,0.29,-0.71,0.18
201907,0.39,0.61,2.71,0.2,0.63,1.82,0.2,2.27,2.71,-0.09,1.19,-1.93,0.48,0.19
201908,-3.82,-3.46,-1.32,-3.41,-2.38,-2.12,-2.08,-0.92,-2.37,-3.39,-2.58,-2.38,-4.78,0.16
201909,2.16,1.53,4.22,1.92,1.79,3.66,2.55,0.89,-0.15,-1.88,1.43,-0.96,6.75,0.18
201910,2.05,2.33,2.06,0.74,2.1,2.96,1.23,2.74,3.27,1.33,2.06,0.29,-1.91,0.16
201911,3.9,2.99,4.15,2.92,3.71,3.61,1.54,5.12,3.33,7.24,3.87,0.77,-2.02,0.12
201912,3.3,3.25,5.13,2.25,2.06,3.18,2.38,3,2.68,0.87,2.77,0.73,1.75,0.14
202001,-2.2,-3.12,0.94,-3.57,-0.92,-1.16,-0.1,1.09,3.68,0.55,-0.11,-3.11,-6.25,0.13
202002,-7.44,-8.89,-9.64,-10.08,-8.73,-9.68,-7.77,-6.91,-6.37,-5.77,-8.13,1.07,-3.81,0.12
202003,-10.28,-12.33,-11.21,-19.72,-14.98,-15.29,-14.42,-10.33,-11.64,-14.8,-13.39,-4.83,-13.87,0.13
202004,13.8,11.47,13.29,16.43,10.35,12.33,9.63,12.87,17.96,14.11,13.65,2.45,-1.33,0
202005,5.53,3.76,3.96,5.12,4.41,4.76,7.72,4.44,5.86,9.37,5.58,2.47,-4.88,0.01
202006,3.14,-1.77,5,-0.59,-0.66,0.54,0.97,4.46,3.77,3.26,2.46,2.69,-2.2,0.01
202007,1.98,10.78,5.67,4.38,3.51,2.77,2.95,7.14,7.16,8.27,5.77,-2.33,-1.41,0.01
202008,1.1,13.57,6.94,4.32,5.68,3.95,7.23,12.38,7.57,8.54,7.63,-0.22,-2.97,0.01
202009,-2.07,-7.81,-2.2,-2.4,-1.57,-1.59,-4,-4.08,-4.12,-4.05,-3.63,0.02,-2.71,0.01
202010,-4.11,-4.35,0.42,-2.33,-2.45,-1.9,-2.14,-2.78,0.36,-2,-2.1,4.38,4.25,0.01
202011,16.65,11.09,12.14,13.91,13.23,12.68,8.34,17.62,10.67,10.87,12.47,5.8,2.09,0.01
202012,5.98,8.08,1.98,5.23,3.22,2.91,3.66,7.41,3.94,3.95,4.63,4.89,-1.51,0.01
202101,6.2,0.15,3.54,-2.19,-2.21,-0.72,0.07,-0.54,0.22,-0.92,-0.03,7.36,3.01,0.01
202102,2.68,-2.08,3.1,5.35,5.01,5.66,2.28,1.48,5.54,1.56,2.78,2.05,7.15,0
202103,4.95,3.07,7.28,6.42,4.6,6.24,3.52,4.73,0.91,-0.59,3.08,-2.37,7.39,0
202104,1.96,4.75,2.68,3.59,4.27,3.36,5.81,5.2,8.89,6.2,4.93,-3.19,-0.95,0
202105,3.23,-1.82,2.15,3.37,1.23,2.43,0.15,-0.25,0.62,-2.82,0.29,-0.25,7.09,0
202106,2.53,5.3,-1.07,-2.02,1.18,-0.19,4.62,-0.3,5.61,5.15,2.75,1.68,-7.87,0
202107,-5.64,2.66,0.26,0.28,3.03,1.27,2.63,2.52,2.2,-1.04,1.27,-3.97,-1.78,0
202108,2.47,2.8,0.16,0.74,3.13,2.14,1.32,3.54,5.04,3.35,2.91,-0.42,-0.15,0
202109,3.46,-5.05,-3.78,-2.51,-5.59,-4.41,-4.16,-4.1,-5.29,-4.36,-4.37,0.71,5.08,0
202110,6.93,4.65,2.16,5.91,8.95,4.74,3.94,8.1,6.98,8.15,6.65,-2.35,-0.49,0
202111,-4.62,5.34,-4.46,-2.22,-2.36,-1.87,-4.32,-2.87,0.44,-1.94,-1.55,-1.32,-0.45,0
202112,0.32,6.65,8.01,6.87,5.35,5.05,7.69,3.89,1.84,-3.58,3.1,-1.67,3.26,0.01
202201,3.24,-0.91,-2.31,-0.68,-5.21,-2.08,-4.21,-6.58,-10.13,-12.35,-6.25,-5.94,12.75,0
202202,5.53,-3.63,-0.05,0.2,-2.09,-0.68,-1.96,-2.6,-6.34,-1.8,-2.29,2.19,3.08,0
202203,7.96,5.21,2.32,4.26,2.29,3.78,2.84,0.68,2.62,4.47,3.05,-1.61,-1.81,0.01
202204,-6.91,-6.74,-4.11,-5.31,-7.43,-6.21,-4.3,-10.66,-11.57,-17.14,-9.46,-1.39,6.17,0.01
202205,9.26,-0.12,1.57,2.92,-1.52,0.11,0.87,0.63,-0.19,-4.74,-0.34,-1.83,8.39,0.03
202206,-17.23,-7.8,-12.08,-9.42,-7.36,-7.89,-6.32,-7.58,-9.08,-7.05,-8.43,2.1,-5.97,0.06
202207,4.76,4.33,5.45,7.99,4.25,12.72,8.47,12.78,16.08,13.4,9.57,2.81,-4.05,0.08
202208,-1.52,-2.87,-1.79,-2.8,-3.26,-2.63,-4.56,-6.09,-3.78,-4.34,-3.77,1.4,0.29,0.19
202209,-9.98,-7.37,-9.33,-9.46,-6.51,-9.2,-10.01,-7.29,-9.09,-10.96,-9.35,-0.81,0.05,0.19
202210,11.94,13.1,13.05,12.78,5.59,9.17,7.2,3.58,2.21,7.7,7.83,0.06,8.01,0.23
202211,7.34,6.01,5.17,4.7,6.74,2.65,7.9,3.07,3.38,4.29,4.6,-3.52,1.38,0.29
202212,-3.07,-3.59,-3.54,-3.79,-2.79,-7.59,-6.33,-9.26,-7.6,-8.62,-6.41,-0.69,1.37,0.33
202301,7.04,1.38,3.62,5.79,5.05,6.25,5.94,10.24,11.23,13.43,6.65,5.01,-4.01,0.35
202302,-3.41,-1.68,-3.23,-2.92,-1.71,-1.46,-2.74,-0.1,-4.82,-0.58,-2.58,1.17,-0.81,0.34
202303,-0.25,-0.5,0.04,-0.73,2.67,5.81,6.37,0.43,2.54,4.89,2.51,-5.51,-8.85,0.36
202304,0.57,-0.14,2.24,2.01,3.9,1.86,2.79,-3.39,-0.28,-2.72,0.61,-3.35,-0.04,0.35
202305,-2.72,-5.6,-3.9,-5.35,-0.46,-0.08,3.55,2.22,2.99,9.33,0.35,1.61,-7.72,0.36
202306,5.93,5.06,6.71,6.83,8.3,7.3,4.77,9.91,7.6,7.34,6.46,1.54,-0.26,0.4
202307,4.44,5.05,3.47,2.92,4.75,1.67,4.41,1.97,4.17,6.03,3.21,2.07,4.13,0.45
